source,target,relationship
"{""caption"":Bayue_Cui,""id"":909,""label"":Peach_variant,""properties"":{""name"":Bayue_Cui}}","{""caption"":Beijing_14,""id"":1170,""label"":Peach_variant,""properties"":{""name"":Beijing_14}}","{""value"":{}}"
"{""caption"":Bayue_Cui,""id"":909,""label"":Peach_variant,""properties"":{""name"":Bayue_Cui}}","{""caption"":Jin_Yan,""id"":1192,""label"":Peach_variant,""properties"":{""name"":Jin_Yan}}","{""value"":{}}"
"{""caption"":Bayue_Cui,""id"":909,""label"":Peach_variant,""properties"":{""name"":Bayue_Cui}}","{""caption"":Wan_Mi,""id"":1218,""label"":Peach_variant,""properties"":{""name"":Wan_Mi}}","{""value"":{}}"
"{""caption"":Bella_Dei_Trentini,""id"":911,""label"":Peach_variant,""properties"":{""name"":Bella_Dei_Trentini}}","{""caption"":Burrona_Terzano,""id"":969,""label"":Peach_variant,""properties"":{""name"":Burrona_Terzano}}","{""value"":{}}"
"{""caption"":Black_Campanin,""id"":914,""label"":Peach_variant,""properties"":{""name"":Black_Campanin}}","{""caption"":Percoca_Bianca_Mazzini,""id"":1147,""label"":Peach_variant,""properties"":{""name"":Percoca_Bianca_Mazzini}}","{""value"":{}}"
"{""caption"":Cerrito,""id"":917,""label"":Peach_variant,""properties"":{""name"":Cerrito}}","{""caption"":Safira,""id"":1009,""label"":Peach_variant,""properties"":{""name"":Safira}}","{""value"":{}}"
"{""caption"":Cerrito,""id"":917,""label"":Peach_variant,""properties"":{""name"":Cerrito}}","{""caption"":Br_2,""id"":916,""label"":Peach_variant,""properties"":{""name"":Br_2}}","{""value"":{}}"
"{""caption"":De_Wet,""id"":920,""label"":Peach_variant,""properties"":{""name"":De_Wet}}","{""caption"":Jv_Wang_Tao,""id"":1195,""label"":Peach_variant,""properties"":{""name"":Jv_Wang_Tao}}","{""value"":{}}"
"{""caption"":De_Wet,""id"":920,""label"":Peach_variant,""properties"":{""name"":De_Wet}}","{""caption"":You_Ming,""id"":1231,""label"":Peach_variant,""properties"":{""name"":You_Ming}}","{""value"":{}}"
"{""caption"":De_Wet,""id"":920,""label"":Peach_variant,""properties"":{""name"":De_Wet}}","{""caption"":Zao_Xiang_Yu,""id"":1243,""label"":Peach_variant,""properties"":{""name"":Zao_Xiang_Yu}}","{""value"":{}}"
"{""caption"":De_Wet,""id"":920,""label"":Peach_variant,""properties"":{""name"":De_Wet}}","{""caption"":Ohayashi,""id"":1199,""label"":Peach_variant,""properties"":{""name"":Ohayashi}}","{""value"":{}}"
"{""caption"":De_Wet,""id"":920,""label"":Peach_variant,""properties"":{""name"":De_Wet}}","{""caption"":Hong_Tao_Wang,""id"":1188,""label"":Peach_variant,""properties"":{""name"":Hong_Tao_Wang}}","{""value"":{}}"
"{""caption"":De_Wet,""id"":920,""label"":Peach_variant,""properties"":{""name"":De_Wet}}","{""caption"":NJ307,""id"":1152,""label"":Peach_variant,""properties"":{""name"":NJ307}}","{""value"":{}}"
"{""caption"":Ford,""id"":922,""label"":Peach_variant,""properties"":{""name"":Ford}}","{""caption"":Dongfeng_Shuimi,""id"":1177,""label"":Peach_variant,""properties"":{""name"":Dongfeng_Shuimi}}","{""value"":{}}"
"{""caption"":Ford,""id"":922,""label"":Peach_variant,""properties"":{""name"":Ford}}","{""caption"":Denjuro,""id"":1175,""label"":Peach_variant,""properties"":{""name"":Denjuro}}","{""value"":{}}"
"{""caption"":Ford,""id"":922,""label"":Peach_variant,""properties"":{""name"":Ford}}","{""caption"":Okubo,""id"":1205,""label"":Peach_variant,""properties"":{""name"":Okubo}}","{""value"":{}}"
"{""caption"":Ford,""id"":922,""label"":Peach_variant,""properties"":{""name"":Ford}}","{""caption"":Okayama_3,""id"":1201,""label"":Peach_variant,""properties"":{""name"":Okayama_3}}","{""value"":{}}"
"{""caption"":Ford,""id"":922,""label"":Peach_variant,""properties"":{""name"":Ford}}","{""caption"":63_15_33_(Un_8),""id"":952,""label"":Peach_variant,""properties"":{""name"":63_15_33_(Un_8)}}","{""value"":{}}"
"{""caption"":Ford,""id"":922,""label"":Peach_variant,""properties"":{""name"":Ford}}","{""caption"":Yue_165,""id"":1234,""label"":Peach_variant,""properties"":{""name"":Yue_165}}","{""value"":{}}"
"{""caption"":Ford,""id"":922,""label"":Peach_variant,""properties"":{""name"":Ford}}","{""caption"":Chinese_Cling,""id"":1097,""label"":Peach_variant,""properties"":{""name"":Chinese_Cling}}","{""value"":{}}"
"{""caption"":Kappa_2,""id"":926,""label"":Peach_variant,""properties"":{""name"":Kappa_2}}","{""caption"":Salkaja,""id"":934,""label"":Peach_variant,""properties"":{""name"":Salkaja}}","{""value"":{}}"
"{""caption"":Red_Kist,""id"":930,""label"":Peach_variant,""properties"":{""name"":Red_Kist}}","{""caption"":Hiley,""id"":1104,""label"":Peach_variant,""properties"":{""name"":Hiley}}","{""value"":{}}"
"{""caption"":Red_Kist,""id"":930,""label"":Peach_variant,""properties"":{""name"":Red_Kist}}","{""caption"":Norman,""id"":1056,""label"":Peach_variant,""properties"":{""name"":Norman}}","{""value"":{}}"
"{""caption"":Red_Kist,""id"":930,""label"":Peach_variant,""properties"":{""name"":Red_Kist}}","{""caption"":Majestic,""id"":991,""label"":Peach_variant,""properties"":{""name"":Majestic}}","{""value"":{}}"
"{""caption"":Red_Kist,""id"":930,""label"":Peach_variant,""properties"":{""name"":Red_Kist}}","{""caption"":PrattS_Compact_Redhaven,""id"":1049,""label"":Peach_variant,""properties"":{""name"":PrattS_Compact_Redhaven}}","{""value"":{}}"
"{""caption"":Rossa_De_Cechi,""id"":932,""label"":Peach_variant,""properties"":{""name"":Rossa_De_Cechi}}","{""caption"":Ermelinda,""id"":921,""label"":Peach_variant,""properties"":{""name"":Ermelinda}}","{""value"":{}}"
"{""caption"":Salkaja,""id"":934,""label"":Peach_variant,""properties"":{""name"":Salkaja}}","{""caption"":Yuan_Chun_Bai,""id"":1233,""label"":Peach_variant,""properties"":{""name"":Yuan_Chun_Bai}}","{""value"":{}}"
"{""caption"":San_Giovanni,""id"":935,""label"":Peach_variant,""properties"":{""name"":San_Giovanni}}","{""caption"":Peento                ,""id"":1114,""label"":Peach_variant,""properties"":{""name"":Peento                }}","{""value"":{}}"
"{""caption"":San_Giovanni,""id"":935,""label"":Peach_variant,""properties"":{""name"":San_Giovanni}}","{""caption"":Rosella,""id"":1153,""label"":Peach_variant,""properties"":{""name"":Rosella}}","{""value"":{}}"
"{""caption"":San_Giovanni,""id"":935,""label"":Peach_variant,""properties"":{""name"":San_Giovanni}}","{""caption"":Primerose,""id"":1002,""label"":Peach_variant,""properties"":{""name"":Primerose}}","{""value"":{}}"
"{""caption"":Belle_Of_Georgia_(Fol_7),""id"":941,""label"":Peach_variant,""properties"":{""name"":Belle_Of_Georgia_(Fol_7)}}","{""caption"":Limonini,""id"":989,""label"":Peach_variant,""properties"":{""name"":Limonini}}","{""value"":{}}"
"{""caption"":Belle_Of_Georgia_(Fol_7),""id"":941,""label"":Peach_variant,""properties"":{""name"":Belle_Of_Georgia_(Fol_7)}}","{""caption"":Pesca_A_Cuore_Capozzi,""id"":927,""label"":Peach_variant,""properties"":{""name"":Pesca_A_Cuore_Capozzi}}","{""value"":{}}"
"{""caption"":Belle_Of_Georgia_(Fol_7),""id"":941,""label"":Peach_variant,""properties"":{""name"":Belle_Of_Georgia_(Fol_7)}}","{""caption"":Bianca_Russotto_(Fol_8),""id"":942,""label"":Peach_variant,""properties"":{""name"":Bianca_Russotto_(Fol_8)}}","{""value"":{}}"
"{""caption"":Belle_Of_Georgia_(Fol_7),""id"":941,""label"":Peach_variant,""properties"":{""name"":Belle_Of_Georgia_(Fol_7)}}","{""caption"":Cumberland,""id"":1099,""label"":Peach_variant,""properties"":{""name"":Cumberland}}","{""value"":{}}"
"{""caption"":Belle_Of_Georgia_(Fol_7),""id"":941,""label"":Peach_variant,""properties"":{""name"":Belle_Of_Georgia_(Fol_7)}}","{""caption"":Slappey,""id"":1121,""label"":Peach_variant,""properties"":{""name"":Slappey}}","{""value"":{}}"
"{""caption"":Belle_Of_Georgia_(Fol_7),""id"":941,""label"":Peach_variant,""properties"":{""name"":Belle_Of_Georgia_(Fol_7)}}","{""caption"":Reginella_I,""id"":931,""label"":Peach_variant,""properties"":{""name"":Reginella_I}}","{""value"":{}}"
"{""caption"":Belle_Of_Georgia_(Fol_7),""id"":941,""label"":Peach_variant,""properties"":{""name"":Belle_Of_Georgia_(Fol_7)}}","{""caption"":Semis_De_China,""id"":1037,""label"":Peach_variant,""properties"":{""name"":Semis_De_China}}","{""value"":{}}"
"{""caption"":Buttapietra_(Fol_10),""id"":943,""label"":Peach_variant,""properties"":{""name"":Buttapietra_(Fol_10)}}","{""caption"":May_Flower,""id"":996,""label"":Peach_variant,""properties"":{""name"":May_Flower}}","{""value"":{}}"
"{""caption"":Buttapietra_(Fol_10),""id"":943,""label"":Peach_variant,""properties"":{""name"":Buttapietra_(Fol_10)}}","{""caption"":Luisa_Berselli,""id"":990,""label"":Peach_variant,""properties"":{""name"":Luisa_Berselli}}","{""value"":{}}"
"{""caption"":Okubo_(Fol_26),""id"":945,""label"":Peach_variant,""properties"":{""name"":Okubo_(Fol_26)}}","{""caption"":Iff_331,""id"":1142,""label"":Peach_variant,""properties"":{""name"":Iff_331}}","{""value"":{}}"
"{""caption"":Okubo_(Fol_26),""id"":945,""label"":Peach_variant,""properties"":{""name"":Okubo_(Fol_26)}}","{""caption"":NJ307,""id"":1152,""label"":Peach_variant,""properties"":{""name"":NJ307}}","{""value"":{}}"
"{""caption"":Okubo_(Fol_26),""id"":945,""label"":Peach_variant,""properties"":{""name"":Okubo_(Fol_26)}}","{""caption"":Xia_Cui,""id"":1223,""label"":Peach_variant,""properties"":{""name"":Xia_Cui}}","{""value"":{}}"
"{""caption"":Okubo_(Fol_26),""id"":945,""label"":Peach_variant,""properties"":{""name"":Okubo_(Fol_26)}}","{""caption"":Yumyeong,""id"":1019,""label"":Peach_variant,""properties"":{""name"":Yumyeong}}","{""value"":{}}"
"{""caption"":Okubo_(Fol_26),""id"":945,""label"":Peach_variant,""properties"":{""name"":Okubo_(Fol_26)}}","{""caption"":Jing_Hong,""id"":1074,""label"":Peach_variant,""properties"":{""name"":Jing_Hong}}","{""value"":{}}"
"{""caption"":Okubo_(Fol_26),""id"":945,""label"":Peach_variant,""properties"":{""name"":Okubo_(Fol_26)}}","{""caption"":Zao_Kui,""id"":1238,""label"":Peach_variant,""properties"":{""name"":Zao_Kui}}","{""value"":{}}"
"{""caption"":Okubo_(Fol_26),""id"":945,""label"":Peach_variant,""properties"":{""name"":Okubo_(Fol_26)}}","{""caption"":Beijing,""id"":1135,""label"":Peach_variant,""properties"":{""name"":Beijing}}","{""value"":{}}"
"{""caption"":Okubo_(Fol_26),""id"":945,""label"":Peach_variant,""properties"":{""name"":Okubo_(Fol_26)}}","{""caption"":Jv_Wang_Tao,""id"":1195,""label"":Peach_variant,""properties"":{""name"":Jv_Wang_Tao}}","{""value"":{}}"
"{""caption"":Okubo_(Fol_26),""id"":945,""label"":Peach_variant,""properties"":{""name"":Okubo_(Fol_26)}}","{""caption"":Hong_Tao_Wang,""id"":1188,""label"":Peach_variant,""properties"":{""name"":Hong_Tao_Wang}}","{""value"":{}}"
"{""caption"":San_Gottardo_(Fol_33),""id"":947,""label"":Peach_variant,""properties"":{""name"":San_Gottardo_(Fol_33)}}","{""caption"":Helene_Turc,""id"":1084,""label"":Peach_variant,""properties"":{""name"":Helene_Turc}}","{""value"":{}}"
"{""caption"":San_Gottardo_(Fol_33),""id"":947,""label"":Peach_variant,""properties"":{""name"":San_Gottardo_(Fol_33)}}","{""caption"":Rossa_De_Cechi,""id"":932,""label"":Peach_variant,""properties"":{""name"":Rossa_De_Cechi}}","{""value"":{}}"
"{""caption"":San_Gottardo_(Fol_33),""id"":947,""label"":Peach_variant,""properties"":{""name"":San_Gottardo_(Fol_33)}}","{""caption"":Hybride_Inra_2,""id"":1040,""label"":Peach_variant,""properties"":{""name"":Hybride_Inra_2}}","{""value"":{}}"
"{""caption"":San_Gottardo_(Fol_33),""id"":947,""label"":Peach_variant,""properties"":{""name"":San_Gottardo_(Fol_33)}}","{""caption"":Semis_De_Roussanne,""id"":1050,""label"":Peach_variant,""properties"":{""name"":Semis_De_Roussanne}}","{""value"":{}}"
"{""caption"":San_Gottardo_(Fol_33),""id"":947,""label"":Peach_variant,""properties"":{""name"":San_Gottardo_(Fol_33)}}","{""caption"":Inra_Hybrid_(Redwing_147_X_Dixired_123)_8,""id"":1068,""label"":Peach_variant,""properties"":{""name"":Inra_Hybrid_(Redwing_147_X_Dixired_123)_8}}","{""value"":{}}"
"{""caption"":San_Gottardo_(Fol_33),""id"":947,""label"":Peach_variant,""properties"":{""name"":San_Gottardo_(Fol_33)}}","{""caption"":Talana,""id"":1073,""label"":Peach_variant,""properties"":{""name"":Talana}}","{""value"":{}}"
"{""caption"":San_Gottardo_(Fol_33),""id"":947,""label"":Peach_variant,""properties"":{""name"":San_Gottardo_(Fol_33)}}","{""caption"":Genadix_4,""id"":1081,""label"":Peach_variant,""properties"":{""name"":Genadix_4}}","{""value"":{}}"
"{""caption"":San_Gottardo_(Fol_33),""id"":947,""label"":Peach_variant,""properties"":{""name"":San_Gottardo_(Fol_33)}}","{""caption"":Cardinal,""id"":1077,""label"":Peach_variant,""properties"":{""name"":Cardinal}}","{""value"":{}}"
"{""caption"":San_Gottardo_(Fol_33),""id"":947,""label"":Peach_variant,""properties"":{""name"":San_Gottardo_(Fol_33)}}","{""caption"":Maddalena_Reale_(Fol_24),""id"":944,""label"":Peach_variant,""properties"":{""name"":Maddalena_Reale_(Fol_24)}}","{""value"":{}}"
"{""caption"":San_Gottardo_(Fol_33),""id"":947,""label"":Peach_variant,""properties"":{""name"":San_Gottardo_(Fol_33)}}","{""caption"":Winblo,""id"":1132,""label"":Peach_variant,""properties"":{""name"":Winblo}}","{""value"":{}}"
"{""caption"":San_Gottardo_(Fol_33),""id"":947,""label"":Peach_variant,""properties"":{""name"":San_Gottardo_(Fol_33)}}","{""caption"":Minerva,""id"":999,""label"":Peach_variant,""properties"":{""name"":Minerva}}","{""value"":{}}"
"{""caption"":San_Gottardo_(Fol_33),""id"":947,""label"":Peach_variant,""properties"":{""name"":San_Gottardo_(Fol_33)}}","{""caption"":Maria_Bianca,""id"":993,""label"":Peach_variant,""properties"":{""name"":Maria_Bianca}}","{""value"":{}}"
"{""caption"":San_Gottardo_(Fol_33),""id"":947,""label"":Peach_variant,""properties"":{""name"":San_Gottardo_(Fol_33)}}","{""caption"":Inra_Hybrid_(Redwing_147_X_Dixired_123)_19,""id"":1067,""label"":Peach_variant,""properties"":{""name"":Inra_Hybrid_(Redwing_147_X_Dixired_123)_19}}","{""value"":{}}"
"{""caption"":Early_OHenry,""id"":959,""label"":Peach_variant,""properties"":{""name"":Early_OHenry}}","{""caption"":Xi_Nong_Zao_Mi,""id"":1221,""label"":Peach_variant,""properties"":{""name"":Xi_Nong_Zao_Mi}}","{""value"":{}}"
"{""caption"":Early_OHenry,""id"":959,""label"":Peach_variant,""properties"":{""name"":Early_OHenry}}","{""caption"":Zao_Yan,""id"":1244,""label"":Peach_variant,""properties"":{""name"":Zao_Yan}}","{""value"":{}}"
"{""caption"":Early_OHenry,""id"":959,""label"":Peach_variant,""properties"":{""name"":Early_OHenry}}","{""caption"":Kappa_2,""id"":926,""label"":Peach_variant,""properties"":{""name"":Kappa_2}}","{""value"":{}}"
"{""caption"":Big_Top,""id"":967,""label"":Peach_variant,""properties"":{""name"":Big_Top}}","{""caption"":Rebus_028,""id"":1154,""label"":Peach_variant,""properties"":{""name"":Rebus_028}}","{""value"":{}}"
"{""caption"":Chun_Lei,""id"":974,""label"":Peach_variant,""properties"":{""name"":Chun_Lei}}","{""caption"":Xia_Cui,""id"":1223,""label"":Peach_variant,""properties"":{""name"":Xia_Cui}}","{""value"":{}}"
"{""caption"":Ciccio_Petrino,""id"":975,""label"":Peach_variant,""properties"":{""name"":Ciccio_Petrino}}","{""caption"":Linda,""id"":1085,""label"":Peach_variant,""properties"":{""name"":Linda}}","{""value"":{}}"
"{""caption"":Diamante,""id"":976,""label"":Peach_variant,""properties"":{""name"":Diamante}}","{""caption"":Precocinho,""id"":929,""label"":Peach_variant,""properties"":{""name"":Precocinho}}","{""value"":{}}"
"{""caption"":Dixired,""id"":979,""label"":Peach_variant,""properties"":{""name"":Dixired}}","{""caption"":Genadix_7,""id"":1088,""label"":Peach_variant,""properties"":{""name"":Genadix_7}}","{""value"":{}}"
"{""caption"":Dixired,""id"":979,""label"":Peach_variant,""properties"":{""name"":Dixired}}","{""caption"":Genadix_4,""id"":1081,""label"":Peach_variant,""properties"":{""name"":Genadix_4}}","{""value"":{}}"
"{""caption"":Fortuna,""id"":983,""label"":Peach_variant,""properties"":{""name"":Fortuna}}","{""caption"":Andross,""id"":1045,""label"":Peach_variant,""properties"":{""name"":Andross}}","{""value"":{}}"
"{""caption"":Hiratsuka_Red,""id"":985,""label"":Peach_variant,""properties"":{""name"":Hiratsuka_Red}}","{""caption"":Chiyodared,""id"":973,""label"":Peach_variant,""properties"":{""name"":Chiyodared}}","{""value"":{}}"
"{""caption"":Huangshanearlydew,""id"":986,""label"":Peach_variant,""properties"":{""name"":Huangshanearlydew}}","{""caption"":Chun_Xia_Mi,""id"":1172,""label"":Peach_variant,""properties"":{""name"":Chun_Xia_Mi}}","{""value"":{}}"
"{""caption"":Jing_Yu,""id"":987,""label"":Peach_variant,""properties"":{""name"":Jing_Yu}}","{""caption"":Rui_Guang_2,""id"":1211,""label"":Peach_variant,""properties"":{""name"":Rui_Guang_2}}","{""value"":{}}"
"{""caption"":Jing_Yu,""id"":987,""label"":Peach_variant,""properties"":{""name"":Jing_Yu}}","{""caption"":Rui_Guang_3,""id"":1212,""label"":Peach_variant,""properties"":{""name"":Rui_Guang_3}}","{""value"":{}}"
"{""caption"":Luisa_Berselli,""id"":990,""label"":Peach_variant,""properties"":{""name"":Luisa_Berselli}}","{""caption"":Isabella_DEste,""id"":1105,""label"":Peach_variant,""properties"":{""name"":Isabella_DEste}}","{""value"":{}}"
"{""caption"":Maycrest,""id"":995,""label"":Peach_variant,""properties"":{""name"":Maycrest}}","{""caption"":Borgia,""id"":1138,""label"":Peach_variant,""properties"":{""name"":Borgia}}","{""value"":{}}"
"{""caption"":Maycrest,""id"":995,""label"":Peach_variant,""properties"":{""name"":Maycrest}}","{""caption"":Borgia,""id"":1138,""label"":Peach_variant,""properties"":{""name"":Borgia}}","{""value"":{}}"
"{""caption"":Maycrest,""id"":995,""label"":Peach_variant,""properties"":{""name"":Maycrest}}","{""caption"":Lucrezia,""id"":1145,""label"":Peach_variant,""properties"":{""name"":Lucrezia}}","{""value"":{}}"
"{""caption"":Maycrest,""id"":995,""label"":Peach_variant,""properties"":{""name"":Maycrest}}","{""caption"":Lucrezia,""id"":1145,""label"":Peach_variant,""properties"":{""name"":Lucrezia}}","{""value"":{}}"
"{""caption"":May_Flower,""id"":996,""label"":Peach_variant,""properties"":{""name"":May_Flower}}","{""caption"":Botto,""id"":968,""label"":Peach_variant,""properties"":{""name"":Botto}}","{""value"":{}}"
"{""caption"":May_Flower,""id"":996,""label"":Peach_variant,""properties"":{""name"":May_Flower}}","{""caption"":Hatsukami,""id"":1185,""label"":Peach_variant,""properties"":{""name"":Hatsukami}}","{""value"":{}}"
"{""caption"":May_Flower,""id"":996,""label"":Peach_variant,""properties"":{""name"":May_Flower}}","{""caption"":Salkaja,""id"":934,""label"":Peach_variant,""properties"":{""name"":Salkaja}}","{""value"":{}}"
"{""caption"":Minerva,""id"":999,""label"":Peach_variant,""properties"":{""name"":Minerva}}","{""caption"":Elberta,""id"":1101,""label"":Peach_variant,""properties"":{""name"":Elberta}}","{""value"":{}}"
"{""caption"":Primerose,""id"":1002,""label"":Peach_variant,""properties"":{""name"":Primerose}}","{""caption"":Camden,""id"":971,""label"":Peach_variant,""properties"":{""name"":Camden}}","{""value"":{}}"
"{""caption"":Regina_Bianca,""id"":1004,""label"":Peach_variant,""properties"":{""name"":Regina_Bianca}}","{""caption"":Bella_Di_Piangipane,""id"":1137,""label"":Peach_variant,""properties"":{""name"":Bella_Di_Piangipane}}","{""value"":{}}"
"{""caption"":Regina_Bianca,""id"":1004,""label"":Peach_variant,""properties"":{""name"":Regina_Bianca}}","{""caption"":Rosa_Del_West,""id"":1006,""label"":Peach_variant,""properties"":{""name"":Rosa_Del_West}}","{""value"":{}}"
"{""caption"":Regina_Bianca,""id"":1004,""label"":Peach_variant,""properties"":{""name"":Regina_Bianca}}","{""caption"":Rossa_Di_S_Carlo,""id"":1007,""label"":Peach_variant,""properties"":{""name"":Rossa_Di_S_Carlo}}","{""value"":{}}"
"{""caption"":Regina_Bianca,""id"":1004,""label"":Peach_variant,""properties"":{""name"":Regina_Bianca}}","{""caption"":Bianca_Prof_Gambi,""id"":966,""label"":Peach_variant,""properties"":{""name"":Bianca_Prof_Gambi}}","{""value"":{}}"
"{""caption"":Regina_Bianca,""id"":1004,""label"":Peach_variant,""properties"":{""name"":Regina_Bianca}}","{""caption"":Bianca_Di_S_Tome,""id"":965,""label"":Peach_variant,""properties"":{""name"":Bianca_Di_S_Tome}}","{""value"":{}}"
"{""caption"":Regina_Bianca,""id"":1004,""label"":Peach_variant,""properties"":{""name"":Regina_Bianca}}","{""caption"":Maribelle,""id"":994,""label"":Peach_variant,""properties"":{""name"":Maribelle}}","{""value"":{}}"
"{""caption"":Regina_Bianca,""id"":1004,""label"":Peach_variant,""properties"":{""name"":Regina_Bianca}}","{""caption"":Ciccio_Petrino,""id"":975,""label"":Peach_variant,""properties"":{""name"":Ciccio_Petrino}}","{""value"":{}}"
"{""caption"":Regina_Bianca,""id"":1004,""label"":Peach_variant,""properties"":{""name"":Regina_Bianca}}","{""caption"":Kappa_2,""id"":926,""label"":Peach_variant,""properties"":{""name"":Kappa_2}}","{""value"":{}}"
"{""caption"":Robin,""id"":1005,""label"":Peach_variant,""properties"":{""name"":Robin}}","{""caption"":Rubiette,""id"":1148,""label"":Peach_variant,""properties"":{""name"":Rubiette}}","{""value"":{}}"
"{""caption"":Robin,""id"":1005,""label"":Peach_variant,""properties"":{""name"":Robin}}","{""caption"":Rubiette,""id"":1148,""label"":Peach_variant,""properties"":{""name"":Rubiette}}","{""value"":{}}"
"{""caption"":Santa_Lucia,""id"":1010,""label"":Peach_variant,""properties"":{""name"":Santa_Lucia}}","{""caption"":Triestina,""id"":1018,""label"":Peach_variant,""properties"":{""name"":Triestina}}","{""value"":{}}"
"{""caption"":Santa_Lucia,""id"":1010,""label"":Peach_variant,""properties"":{""name"":Santa_Lucia}}","{""caption"":Mara,""id"":992,""label"":Peach_variant,""properties"":{""name"":Mara}}","{""value"":{}}"
"{""caption"":Snow_Queen,""id"":1014,""label"":Peach_variant,""properties"":{""name"":Snow_Queen}}","{""caption"":Silver_Rome,""id"":1012,""label"":Peach_variant,""properties"":{""name"":Silver_Rome}}","{""value"":{}}"
"{""caption"":Snow_Queen,""id"":1014,""label"":Peach_variant,""properties"":{""name"":Snow_Queen}}","{""caption"":September_Queen,""id"":1119,""label"":Peach_variant,""properties"":{""name"":September_Queen}}","{""value"":{}}"
"{""caption"":Snow_Queen,""id"":1014,""label"":Peach_variant,""properties"":{""name"":Snow_Queen}}","{""caption"":September_Queen,""id"":1119,""label"":Peach_variant,""properties"":{""name"":September_Queen}}","{""value"":{}}"
"{""caption"":Snow_Queen,""id"":1014,""label"":Peach_variant,""properties"":{""name"":Snow_Queen}}","{""caption"":Caldesi_2000,""id"":970,""label"":Peach_variant,""properties"":{""name"":Caldesi_2000}}","{""value"":{}}"
"{""caption"":Snow_Queen,""id"":1014,""label"":Peach_variant,""properties"":{""name"":Snow_Queen}}","{""caption"":August_Queen,""id"":1094,""label"":Peach_variant,""properties"":{""name"":August_Queen}}","{""value"":{}}"
"{""caption"":Snow_Queen,""id"":1014,""label"":Peach_variant,""properties"":{""name"":Snow_Queen}}","{""caption"":August_Queen,""id"":1094,""label"":Peach_variant,""properties"":{""name"":August_Queen}}","{""value"":{}}"
"{""caption"":Springtime,""id"":1015,""label"":Peach_variant,""properties"":{""name"":Springtime}}","{""caption"":Sweet_Ring,""id"":1126,""label"":Peach_variant,""properties"":{""name"":Sweet_Ring}}","{""value"":{}}"
"{""caption"":Springtime,""id"":1015,""label"":Peach_variant,""properties"":{""name"":Springtime}}","{""caption"":Wu_Yue_Xian,""id"":1220,""label"":Peach_variant,""properties"":{""name"":Wu_Yue_Xian}}","{""value"":{}}"
"{""caption"":Tabalet,""id"":1017,""label"":Peach_variant,""properties"":{""name"":Tabalet}}","{""caption"":Black_Campanin,""id"":914,""label"":Peach_variant,""properties"":{""name"":Black_Campanin}}","{""value"":{}}"
"{""caption"":Tabalet,""id"":1017,""label"":Peach_variant,""properties"":{""name"":Tabalet}}","{""caption"":Valeria,""id"":960,""label"":Peach_variant,""properties"":{""name"":Valeria}}","{""value"":{}}"
"{""caption"":Tabalet,""id"":1017,""label"":Peach_variant,""properties"":{""name"":Tabalet}}","{""caption"":Merril_Gem_Free,""id"":1149,""label"":Peach_variant,""properties"":{""name"":Merril_Gem_Free}}","{""value"":{}}"
"{""caption"":Tabalet,""id"":1017,""label"":Peach_variant,""properties"":{""name"":Tabalet}}","{""caption"":Linda,""id"":1085,""label"":Peach_variant,""properties"":{""name"":Linda}}","{""value"":{}}"
"{""caption"":Tabalet,""id"":1017,""label"":Peach_variant,""properties"":{""name"":Tabalet}}","{""caption"":Regina_Bianca,""id"":1004,""label"":Peach_variant,""properties"":{""name"":Regina_Bianca}}","{""value"":{}}"
"{""caption"":Tabalet,""id"":1017,""label"":Peach_variant,""properties"":{""name"":Tabalet}}","{""caption"":S.Anna_Balducci,""id"":1008,""label"":Peach_variant,""properties"":{""name"":S.Anna_Balducci}}","{""value"":{}}"
"{""caption"":Tabalet,""id"":1017,""label"":Peach_variant,""properties"":{""name"":Tabalet}}","{""caption"":Com_Pact_Redhaven,""id"":962,""label"":Peach_variant,""properties"":{""name"":Com_Pact_Redhaven}}","{""value"":{}}"
"{""caption"":Tabalet,""id"":1017,""label"":Peach_variant,""properties"":{""name"":Tabalet}}","{""caption"":Santa_Lucia,""id"":1010,""label"":Peach_variant,""properties"":{""name"":Santa_Lucia}}","{""value"":{}}"
"{""caption"":Honey_Blaze,""id"":1032,""label"":Peach_variant,""properties"":{""name"":Honey_Blaze}}","{""caption"":(7392.F5S21)_X,""id"":1036,""label"":Peach_variant,""properties"":{""name"":(7392.F5S21)_X}}","{""value"":{}}"
"{""caption"":Honey_Blaze,""id"":1032,""label"":Peach_variant,""properties"":{""name"":Honey_Blaze}}","{""caption"":(7392.F5S21)_X,""id"":1036,""label"":Peach_variant,""properties"":{""name"":(7392.F5S21)_X}}","{""value"":{}}"
"{""caption"":I_138,""id"":1033,""label"":Peach_variant,""properties"":{""name"":I_138}}","{""caption"":D6051,""id"":1028,""label"":Peach_variant,""properties"":{""name"":D6051}}","{""value"":{}}"
"{""caption"":I_138,""id"":1033,""label"":Peach_variant,""properties"":{""name"":I_138}}","{""caption"":D5019,""id"":1026,""label"":Peach_variant,""properties"":{""name"":D5019}}","{""value"":{}}"
"{""caption"":I_138,""id"":1033,""label"":Peach_variant,""properties"":{""name"":I_138}}","{""caption"":D6044,""id"":1027,""label"":Peach_variant,""properties"":{""name"":D6044}}","{""value"":{}}"
"{""caption"":Malo_Konare,""id"":1034,""label"":Peach_variant,""properties"":{""name"":Malo_Konare}}","{""caption"":(5392.P1908)_9,""id"":1023,""label"":Peach_variant,""properties"":{""name"":(5392.P1908)_9}}","{""value"":{}}"
"{""caption"":Malo_Konare,""id"":1034,""label"":Peach_variant,""properties"":{""name"":Malo_Konare}}","{""caption"":F514,""id"":1031,""label"":Peach_variant,""properties"":{""name"":F514}}","{""value"":{}}"
"{""caption"":Malo_Konare,""id"":1034,""label"":Peach_variant,""properties"":{""name"":Malo_Konare}}","{""caption"":(5392.2615)_13,""id"":1020,""label"":Peach_variant,""properties"":{""name"":(5392.2615)_13}}","{""value"":{}}"
"{""caption"":Malo_Konare,""id"":1034,""label"":Peach_variant,""properties"":{""name"":Malo_Konare}}","{""caption"":F511,""id"":1029,""label"":Peach_variant,""properties"":{""name"":F511}}","{""value"":{}}"
"{""caption"":Malo_Konare,""id"":1034,""label"":Peach_variant,""properties"":{""name"":Malo_Konare}}","{""caption"":5392.2678,""id"":1021,""label"":Peach_variant,""properties"":{""name"":5392.2678}}","{""value"":{}}"
"{""caption"":Malo_Konare,""id"":1034,""label"":Peach_variant,""properties"":{""name"":Malo_Konare}}","{""caption"":5S8,""id"":1024,""label"":Peach_variant,""properties"":{""name"":5S8}}","{""value"":{}}"
"{""caption"":Malo_Konare,""id"":1034,""label"":Peach_variant,""properties"":{""name"":Malo_Konare}}","{""caption"":(5392.6146)_7,""id"":1022,""label"":Peach_variant,""properties"":{""name"":(5392.6146)_7}}","{""value"":{}}"
"{""caption"":Malo_Konare,""id"":1034,""label"":Peach_variant,""properties"":{""name"":Malo_Konare}}","{""caption"":F512,""id"":1030,""label"":Peach_variant,""properties"":{""name"":F512}}","{""value"":{}}"
"{""caption"":Nemared,""id"":1035,""label"":Peach_variant,""properties"":{""name"":Nemared}}","{""caption"":Garnem,""id"":923,""label"":Peach_variant,""properties"":{""name"":Garnem}}","{""value"":{}}"
"{""caption"":(7392.F5S21)_X,""id"":1036,""label"":Peach_variant,""properties"":{""name"":(7392.F5S21)_X}}","{""caption"":Flavorgold,""id"":1047,""label"":Peach_variant,""properties"":{""name"":Flavorgold}}","{""value"":{}}"
"{""caption"":(7392.F5S21)_X,""id"":1036,""label"":Peach_variant,""properties"":{""name"":(7392.F5S21)_X}}","{""caption"":Garcica,""id"":1102,""label"":Peach_variant,""properties"":{""name"":Garcica}}","{""value"":{}}"
"{""caption"":Opale,""id"":1043,""label"":Peach_variant,""properties"":{""name"":Opale}}","{""caption"":(6146.5482)_8,""id"":1025,""label"":Peach_variant,""properties"":{""name"":(6146.5482)_8}}","{""value"":{}}"
"{""caption"":Springlady,""id"":1046,""label"":Peach_variant,""properties"":{""name"":Springlady}}","{""caption"":Kalos_1,""id"":1107,""label"":Peach_variant,""properties"":{""name"":Kalos_1}}","{""value"":{}}"
"{""caption"":Semis_De_Roussanne,""id"":1050,""label"":Peach_variant,""properties"":{""name"":Semis_De_Roussanne}}","{""caption"":Inra_Hybrid_(Redwing_147_X_Dixired_123)_8,""id"":1068,""label"":Peach_variant,""properties"":{""name"":Inra_Hybrid_(Redwing_147_X_Dixired_123)_8}}","{""value"":{}}"
"{""caption"":Semis_De_Roussanne,""id"":1050,""label"":Peach_variant,""properties"":{""name"":Semis_De_Roussanne}}","{""caption"":Maddalena_Reale_(Fol_24),""id"":944,""label"":Peach_variant,""properties"":{""name"":Maddalena_Reale_(Fol_24)}}","{""value"":{}}"
"{""caption"":Semis_De_Roussanne,""id"":1050,""label"":Peach_variant,""properties"":{""name"":Semis_De_Roussanne}}","{""caption"":Luisa_Berselli,""id"":990,""label"":Peach_variant,""properties"":{""name"":Luisa_Berselli}}","{""value"":{}}"
"{""caption"":Semis_De_Roussanne,""id"":1050,""label"":Peach_variant,""properties"":{""name"":Semis_De_Roussanne}}","{""caption"":Minerva,""id"":999,""label"":Peach_variant,""properties"":{""name"":Minerva}}","{""value"":{}}"
"{""caption"":Everts,""id"":1053,""label"":Peach_variant,""properties"":{""name"":Everts}}","{""caption"":Merriam,""id"":997,""label"":Peach_variant,""properties"":{""name"":Merriam}}","{""value"":{}}"
"{""caption"":Everts,""id"":1053,""label"":Peach_variant,""properties"":{""name"":Everts}}","{""caption"":Merriam,""id"":997,""label"":Peach_variant,""properties"":{""name"":Merriam}}","{""value"":{}}"
"{""caption"":Everts,""id"":1053,""label"":Peach_variant,""properties"":{""name"":Everts}}","{""caption"":Tufts,""id"":1091,""label"":Peach_variant,""properties"":{""name"":Tufts}}","{""value"":{}}"
"{""caption"":Catherina,""id"":1054,""label"":Peach_variant,""properties"":{""name"":Catherina}}","{""caption"":Villa_Doria,""id"":1130,""label"":Peach_variant,""properties"":{""name"":Villa_Doria}}","{""value"":{}}"
"{""caption"":Catherina,""id"":1054,""label"":Peach_variant,""properties"":{""name"":Catherina}}","{""caption"":Villa_Ada,""id"":1129,""label"":Peach_variant,""properties"":{""name"":Villa_Ada}}","{""value"":{}}"
"{""caption"":Catherina,""id"":1054,""label"":Peach_variant,""properties"":{""name"":Catherina}}","{""caption"":Romea,""id"":1116,""label"":Peach_variant,""properties"":{""name"":Romea}}","{""value"":{}}"
"{""caption"":Pekin,""id"":1058,""label"":Peach_variant,""properties"":{""name"":Pekin}}","{""caption"":Hamlet,""id"":925,""label"":Peach_variant,""properties"":{""name"":Hamlet}}","{""value"":{}}"
"{""caption"":Red_Diamond,""id"":1059,""label"":Peach_variant,""properties"":{""name"":Red_Diamond}}","{""caption"":Maria_Dolce,""id"":1108,""label"":Peach_variant,""properties"":{""name"":Maria_Dolce}}","{""value"":{}}"
"{""caption"":Red_Diamond,""id"":1059,""label"":Peach_variant,""properties"":{""name"":Red_Diamond}}","{""caption"":July_Red,""id"":1041,""label"":Peach_variant,""properties"":{""name"":July_Red}}","{""value"":{}}"
"{""caption"":Red_Diamond,""id"":1059,""label"":Peach_variant,""properties"":{""name"":Red_Diamond}}","{""caption"":June_Star,""id"":1060,""label"":Peach_variant,""properties"":{""name"":June_Star}}","{""value"":{}}"
"{""caption"":Red_Diamond,""id"":1059,""label"":Peach_variant,""properties"":{""name"":Red_Diamond}}","{""caption"":Red_Glen,""id"":1038,""label"":Peach_variant,""properties"":{""name"":Red_Glen}}","{""value"":{}}"
"{""caption"":Red_Diamond,""id"":1059,""label"":Peach_variant,""properties"":{""name"":Red_Diamond}}","{""caption"":Diamond_Princess,""id"":978,""label"":Peach_variant,""properties"":{""name"":Diamond_Princess}}","{""value"":{}}"
"{""caption"":Red_Diamond,""id"":1059,""label"":Peach_variant,""properties"":{""name"":Red_Diamond}}","{""caption"":Diamond_Jewel,""id"":977,""label"":Peach_variant,""properties"":{""name"":Diamond_Jewel}}","{""value"":{}}"
"{""caption"":Red_Diamond,""id"":1059,""label"":Peach_variant,""properties"":{""name"":Red_Diamond}}","{""caption"":Ruby_Diamond,""id"":1075,""label"":Peach_variant,""properties"":{""name"":Ruby_Diamond}}","{""value"":{}}"
"{""caption"":Esnitabe,""id"":1061,""label"":Peach_variant,""properties"":{""name"":Esnitabe}}","{""caption"":Nectagrand_4,""id"":961,""label"":Peach_variant,""properties"":{""name"":Nectagrand_4}}","{""value"":{}}"
"{""caption"":Esnitabe,""id"":1061,""label"":Peach_variant,""properties"":{""name"":Esnitabe}}","{""caption"":Nectared_6,""id"":1051,""label"":Peach_variant,""properties"":{""name"":Nectared_6}}","{""value"":{}}"
"{""caption"":Esnitabe,""id"":1061,""label"":Peach_variant,""properties"":{""name"":Esnitabe}}","{""caption"":Dixired,""id"":979,""label"":Peach_variant,""properties"":{""name"":Dixired}}","{""value"":{}}"
"{""caption"":Esnitabe,""id"":1061,""label"":Peach_variant,""properties"":{""name"":Esnitabe}}","{""caption"":Cardinal,""id"":1077,""label"":Peach_variant,""properties"":{""name"":Cardinal}}","{""value"":{}}"
"{""caption"":Esnitabe,""id"":1061,""label"":Peach_variant,""properties"":{""name"":Esnitabe}}","{""caption"":Bella_Dei_Trentini,""id"":911,""label"":Peach_variant,""properties"":{""name"":Bella_Dei_Trentini}}","{""value"":{}}"
"{""caption"":Esnitabe,""id"":1061,""label"":Peach_variant,""properties"":{""name"":Esnitabe}}","{""caption"":Nectared_9,""id"":1052,""label"":Peach_variant,""properties"":{""name"":Nectared_9}}","{""value"":{}}"
"{""caption"":Esnitabe,""id"":1061,""label"":Peach_variant,""properties"":{""name"":Esnitabe}}","{""caption"":Genadix_7,""id"":1088,""label"":Peach_variant,""properties"":{""name"":Genadix_7}}","{""value"":{}}"
"{""caption"":Esnitabe,""id"":1061,""label"":Peach_variant,""properties"":{""name"":Esnitabe}}","{""caption"":Ufo_1,""id"":1128,""label"":Peach_variant,""properties"":{""name"":Ufo_1}}","{""value"":{}}"
"{""caption"":Esnitabe,""id"":1061,""label"":Peach_variant,""properties"":{""name"":Esnitabe}}","{""caption"":Koncsogi_Kopasz_(Un_19),""id"":956,""label"":Peach_variant,""properties"":{""name"":Koncsogi_Kopasz_(Un_19)}}","{""value"":{}}"
"{""caption"":Esnitabe,""id"":1061,""label"":Peach_variant,""properties"":{""name"":Esnitabe}}","{""caption"":White_Crest,""id"":1131,""label"":Peach_variant,""properties"":{""name"":White_Crest}}","{""value"":{}}"
"{""caption"":Esnitabe,""id"":1061,""label"":Peach_variant,""properties"":{""name"":Esnitabe}}","{""caption"":S.97.39,""id"":1117,""label"":Peach_variant,""properties"":{""name"":S.97.39}}","{""value"":{}}"
"{""caption"":Esnitabe,""id"":1061,""label"":Peach_variant,""properties"":{""name"":Esnitabe}}","{""caption"":Rossa_De_Cechi,""id"":932,""label"":Peach_variant,""properties"":{""name"":Rossa_De_Cechi}}","{""value"":{}}"
"{""caption"":Esnitabe,""id"":1061,""label"":Peach_variant,""properties"":{""name"":Esnitabe}}","{""caption"":Robin,""id"":1005,""label"":Peach_variant,""properties"":{""name"":Robin}}","{""value"":{}}"
"{""caption"":Esnitabe,""id"":1061,""label"":Peach_variant,""properties"":{""name"":Esnitabe}}","{""caption"":Starlite,""id"":1016,""label"":Peach_variant,""properties"":{""name"":Starlite}}","{""value"":{}}"
"{""caption"":Esnitabe,""id"":1061,""label"":Peach_variant,""properties"":{""name"":Esnitabe}}","{""caption"":Chiyodared,""id"":973,""label"":Peach_variant,""properties"":{""name"":Chiyodared}}","{""value"":{}}"
"{""caption"":Esnitabe,""id"":1061,""label"":Peach_variant,""properties"":{""name"":Esnitabe}}","{""caption"":San_Gottardo_(Fol_33),""id"":947,""label"":Peach_variant,""properties"":{""name"":San_Gottardo_(Fol_33)}}","{""value"":{}}"
"{""caption"":Esnitabe,""id"":1061,""label"":Peach_variant,""properties"":{""name"":Esnitabe}}","{""caption"":Santa_Lucia,""id"":1010,""label"":Peach_variant,""properties"":{""name"":Santa_Lucia}}","{""value"":{}}"
"{""caption"":Esnitabe,""id"":1061,""label"":Peach_variant,""properties"":{""name"":Esnitabe}}","{""caption"":Une_De_Mai,""id"":1070,""label"":Peach_variant,""properties"":{""name"":Une_De_Mai}}","{""value"":{}}"
"{""caption"":Esnitabe,""id"":1061,""label"":Peach_variant,""properties"":{""name"":Esnitabe}}","{""caption"":Starcrest,""id"":1124,""label"":Peach_variant,""properties"":{""name"":Starcrest}}","{""value"":{}}"
"{""caption"":Sunred,""id"":1066,""label"":Peach_variant,""properties"":{""name"":Sunred}}","{""caption"":Docura_4,""id"":980,""label"":Peach_variant,""properties"":{""name"":Docura_4}}","{""value"":{}}"
"{""caption"":Sunred,""id"":1066,""label"":Peach_variant,""properties"":{""name"":Sunred}}","{""caption"":Carolina,""id"":1096,""label"":Peach_variant,""properties"":{""name"":Carolina}}","{""value"":{}}"
"{""caption"":Inra_Hybrid_(Redwing_147_X_Dixired_123)_8,""id"":1068,""label"":Peach_variant,""properties"":{""name"":Inra_Hybrid_(Redwing_147_X_Dixired_123)_8}}","{""caption"":Hybride_Inra_2,""id"":1040,""label"":Peach_variant,""properties"":{""name"":Hybride_Inra_2}}","{""value"":{}}"
"{""caption"":Bai_Hua,""id"":1069,""label"":Peach_variant,""properties"":{""name"":Bai_Hua}}","{""caption"":Wan_Hong_Mi,""id"":1217,""label"":Peach_variant,""properties"":{""name"":Wan_Hong_Mi}}","{""value"":{}}"
"{""caption"":Bai_Hua,""id"":1069,""label"":Peach_variant,""properties"":{""name"":Bai_Hua}}","{""caption"":Tao_Wang,""id"":1215,""label"":Peach_variant,""properties"":{""name"":Tao_Wang}}","{""value"":{}}"
"{""caption"":Bai_Hua,""id"":1069,""label"":Peach_variant,""properties"":{""name"":Bai_Hua}}","{""caption"":63_15_33_(Un_8),""id"":952,""label"":Peach_variant,""properties"":{""name"":63_15_33_(Un_8)}}","{""value"":{}}"
"{""caption"":Bai_Hua,""id"":1069,""label"":Peach_variant,""properties"":{""name"":Bai_Hua}}","{""caption"":Xue_Xiang_Lu,""id"":1227,""label"":Peach_variant,""properties"":{""name"":Xue_Xiang_Lu}}","{""value"":{}}"
"{""caption"":Bai_Hua,""id"":1069,""label"":Peach_variant,""properties"":{""name"":Bai_Hua}}","{""caption"":Zhao_Xia_(Un_17),""id"":955,""label"":Peach_variant,""properties"":{""name"":Zhao_Xia_(Un_17)}}","{""value"":{}}"
"{""caption"":Bai_Hua,""id"":1069,""label"":Peach_variant,""properties"":{""name"":Bai_Hua}}","{""caption"":Yu_Hua_Lu,""id"":1232,""label"":Peach_variant,""properties"":{""name"":Yu_Hua_Lu}}","{""value"":{}}"
"{""caption"":Bai_Hua,""id"":1069,""label"":Peach_variant,""properties"":{""name"":Bai_Hua}}","{""caption"":Rainflowerdew,""id"":1003,""label"":Peach_variant,""properties"":{""name"":Rainflowerdew}}","{""value"":{}}"
"{""caption"":Bai_Hua,""id"":1069,""label"":Peach_variant,""properties"":{""name"":Bai_Hua}}","{""caption"":Hujing_Mi_Lu,""id"":1190,""label"":Peach_variant,""properties"":{""name"":Hujing_Mi_Lu}}","{""value"":{}}"
"{""caption"":Redwing,""id"":1072,""label"":Peach_variant,""properties"":{""name"":Redwing}}","{""caption"":Capucci_18,""id"":1139,""label"":Peach_variant,""properties"":{""name"":Capucci_18}}","{""value"":{}}"
"{""caption"":Redwing,""id"":1072,""label"":Peach_variant,""properties"":{""name"":Redwing}}","{""caption"":Zhengzhou_7,""id"":1247,""label"":Peach_variant,""properties"":{""name"":Zhengzhou_7}}","{""value"":{}}"
"{""caption"":Redwing,""id"":1072,""label"":Peach_variant,""properties"":{""name"":Redwing}}","{""caption"":Limonet,""id"":1144,""label"":Peach_variant,""properties"":{""name"":Limonet}}","{""value"":{}}"
"{""caption"":Redwing,""id"":1072,""label"":Peach_variant,""properties"":{""name"":Redwing}}","{""caption"":Rouge_Jullien,""id"":1082,""label"":Peach_variant,""properties"":{""name"":Rouge_Jullien}}","{""value"":{}}"
"{""caption"":Redwing,""id"":1072,""label"":Peach_variant,""properties"":{""name"":Redwing}}","{""caption"":Mai_Xiang,""id"":1196,""label"":Peach_variant,""properties"":{""name"":Mai_Xiang}}","{""value"":{}}"
"{""caption"":Redwing,""id"":1072,""label"":Peach_variant,""properties"":{""name"":Redwing}}","{""caption"":Q_148,""id"":1078,""label"":Peach_variant,""properties"":{""name"":Q_148}}","{""value"":{}}"
"{""caption"":Redwing,""id"":1072,""label"":Peach_variant,""properties"":{""name"":Redwing}}","{""caption"":Tabalet,""id"":1017,""label"":Peach_variant,""properties"":{""name"":Tabalet}}","{""value"":{}}"
"{""caption"":Redwing,""id"":1072,""label"":Peach_variant,""properties"":{""name"":Redwing}}","{""caption"":Springcrest,""id"":1079,""label"":Peach_variant,""properties"":{""name"":Springcrest}}","{""value"":{}}"
"{""caption"":Redwing,""id"":1072,""label"":Peach_variant,""properties"":{""name"":Redwing}}","{""caption"":May_Flower,""id"":996,""label"":Peach_variant,""properties"":{""name"":May_Flower}}","{""value"":{}}"
"{""caption"":Redwing,""id"":1072,""label"":Peach_variant,""properties"":{""name"":Redwing}}","{""caption"":Peggy,""id"":1071,""label"":Peach_variant,""properties"":{""name"":Peggy}}","{""value"":{}}"
"{""caption"":Redwing,""id"":1072,""label"":Peach_variant,""properties"":{""name"":Redwing}}","{""caption"":Agate,""id"":1042,""label"":Peach_variant,""properties"":{""name"":Agate}}","{""value"":{}}"
"{""caption"":Redwing,""id"":1072,""label"":Peach_variant,""properties"":{""name"":Redwing}}","{""caption"":Ford,""id"":922,""label"":Peach_variant,""properties"":{""name"":Ford}}","{""value"":{}}"
"{""caption"":Redwing,""id"":1072,""label"":Peach_variant,""properties"":{""name"":Redwing}}","{""caption"":Albatros,""id"":1134,""label"":Peach_variant,""properties"":{""name"":Albatros}}","{""value"":{}}"
"{""caption"":Redwing,""id"":1072,""label"":Peach_variant,""properties"":{""name"":Redwing}}","{""caption"":Manon,""id"":1039,""label"":Peach_variant,""properties"":{""name"":Manon}}","{""value"":{}}"
"{""caption"":Jing_Hong,""id"":1074,""label"":Peach_variant,""properties"":{""name"":Jing_Hong}}","{""caption"":Denjuro,""id"":1175,""label"":Peach_variant,""properties"":{""name"":Denjuro}}","{""value"":{}}"
"{""caption"":Gang_Shan_Bai,""id"":1076,""label"":Peach_variant,""properties"":{""name"":Gang_Shan_Bai}}","{""caption"":Zhao_Hui_(Un_6),""id"":951,""label"":Peach_variant,""properties"":{""name"":Zhao_Hui_(Un_6)}}","{""value"":{}}"
"{""caption"":Gang_Shan_Bai,""id"":1076,""label"":Peach_variant,""properties"":{""name"":Gang_Shan_Bai}}","{""caption"":Mang_Xia_Lu,""id"":1197,""label"":Peach_variant,""properties"":{""name"":Mang_Xia_Lu}}","{""value"":{}}"
"{""caption"":Cardinal,""id"":1077,""label"":Peach_variant,""properties"":{""name"":Cardinal}}","{""caption"":Ermelinda,""id"":921,""label"":Peach_variant,""properties"":{""name"":Ermelinda}}","{""value"":{}}"
"{""caption"":Cardinal,""id"":1077,""label"":Peach_variant,""properties"":{""name"":Cardinal}}","{""caption"":Semis_De_Roussanne,""id"":1050,""label"":Peach_variant,""properties"":{""name"":Semis_De_Roussanne}}","{""value"":{}}"
"{""caption"":Genadix_4,""id"":1081,""label"":Peach_variant,""properties"":{""name"":Genadix_4}}","{""caption"":Buttapietra_(Fol_10),""id"":943,""label"":Peach_variant,""properties"":{""name"":Buttapietra_(Fol_10)}}","{""value"":{}}"
"{""caption"":Genadix_4,""id"":1081,""label"":Peach_variant,""properties"":{""name"":Genadix_4}}","{""caption"":Qing_Feng,""id"":1208,""label"":Peach_variant,""properties"":{""name"":Qing_Feng}}","{""value"":{}}"
"{""caption"":Genadix_4,""id"":1081,""label"":Peach_variant,""properties"":{""name"":Genadix_4}}","{""caption"":Ciccio_Petrino,""id"":975,""label"":Peach_variant,""properties"":{""name"":Ciccio_Petrino}}","{""value"":{}}"
"{""caption"":Genadix_4,""id"":1081,""label"":Peach_variant,""properties"":{""name"":Genadix_4}}","{""caption"":Maribelle,""id"":994,""label"":Peach_variant,""properties"":{""name"":Maribelle}}","{""value"":{}}"
"{""caption"":Rouge_Jullien,""id"":1082,""label"":Peach_variant,""properties"":{""name"":Rouge_Jullien}}","{""caption"":Vaccaro_Roccalmunto,""id"":938,""label"":Peach_variant,""properties"":{""name"":Vaccaro_Roccalmunto}}","{""value"":{}}"
"{""caption"":Rouge_Jullien,""id"":1082,""label"":Peach_variant,""properties"":{""name"":Rouge_Jullien}}","{""caption"":Bella_Lucia,""id"":913,""label"":Peach_variant,""properties"":{""name"":Bella_Lucia}}","{""value"":{}}"
"{""caption"":Rouge_Jullien,""id"":1082,""label"":Peach_variant,""properties"":{""name"":Rouge_Jullien}}","{""caption"":Zingara_Nera,""id"":940,""label"":Peach_variant,""properties"":{""name"":Zingara_Nera}}","{""value"":{}}"
"{""caption"":Rouge_Jullien,""id"":1082,""label"":Peach_variant,""properties"":{""name"":Rouge_Jullien}}","{""caption"":Selvaggio_Di_Canove_(Fol_35),""id"":949,""label"":Peach_variant,""properties"":{""name"":Selvaggio_Di_Canove_(Fol_35)}}","{""value"":{}}"
"{""caption"":Rouge_Jullien,""id"":1082,""label"":Peach_variant,""properties"":{""name"":Rouge_Jullien}}","{""caption"":Zao_Shang_Hai_Shui_Mi,""id"":1241,""label"":Peach_variant,""properties"":{""name"":Zao_Shang_Hai_Shui_Mi}}","{""value"":{}}"
"{""caption"":Rouge_Jullien,""id"":1082,""label"":Peach_variant,""properties"":{""name"":Rouge_Jullien}}","{""caption"":Carman,""id"":1095,""label"":Peach_variant,""properties"":{""name"":Carman}}","{""value"":{}}"
"{""caption"":Rouge_Jullien,""id"":1082,""label"":Peach_variant,""properties"":{""name"":Rouge_Jullien}}","{""caption"":S.Anna_Balducci,""id"":1008,""label"":Peach_variant,""properties"":{""name"":S.Anna_Balducci}}","{""value"":{}}"
"{""caption"":Rouge_Jullien,""id"":1082,""label"":Peach_variant,""properties"":{""name"":Rouge_Jullien}}","{""caption"":Yuan_Chun_Bai,""id"":1233,""label"":Peach_variant,""properties"":{""name"":Yuan_Chun_Bai}}","{""value"":{}}"
"{""caption"":Rouge_Jullien,""id"":1082,""label"":Peach_variant,""properties"":{""name"":Rouge_Jullien}}","{""caption"":Qing_Feng,""id"":1208,""label"":Peach_variant,""properties"":{""name"":Qing_Feng}}","{""value"":{}}"
"{""caption"":Rouge_Jullien,""id"":1082,""label"":Peach_variant,""properties"":{""name"":Rouge_Jullien}}","{""caption"":Madeleine_Blanche,""id"":1089,""label"":Peach_variant,""properties"":{""name"":Madeleine_Blanche}}","{""value"":{}}"
"{""caption"":Rouge_Jullien,""id"":1082,""label"":Peach_variant,""properties"":{""name"":Rouge_Jullien}}","{""caption"":Albatros,""id"":1134,""label"":Peach_variant,""properties"":{""name"":Albatros}}","{""value"":{}}"
"{""caption"":Rouge_Jullien,""id"":1082,""label"":Peach_variant,""properties"":{""name"":Rouge_Jullien}}","{""caption"":Early_OHenry,""id"":959,""label"":Peach_variant,""properties"":{""name"":Early_OHenry}}","{""value"":{}}"
"{""caption"":Rouge_Jullien,""id"":1082,""label"":Peach_variant,""properties"":{""name"":Rouge_Jullien}}","{""caption"":Valeria,""id"":960,""label"":Peach_variant,""properties"":{""name"":Valeria}}","{""value"":{}}"
"{""caption"":Rouge_Jullien,""id"":1082,""label"":Peach_variant,""properties"":{""name"":Rouge_Jullien}}","{""caption"":Mai_Xiang,""id"":1196,""label"":Peach_variant,""properties"":{""name"":Mai_Xiang}}","{""value"":{}}"
"{""caption"":Rouge_Jullien,""id"":1082,""label"":Peach_variant,""properties"":{""name"":Rouge_Jullien}}","{""caption"":Xi_Nong_Zao_Mi,""id"":1221,""label"":Peach_variant,""properties"":{""name"":Xi_Nong_Zao_Mi}}","{""value"":{}}"
"{""caption"":Rouge_Jullien,""id"":1082,""label"":Peach_variant,""properties"":{""name"":Rouge_Jullien}}","{""caption"":Pieri_81,""id"":1162,""label"":Peach_variant,""properties"":{""name"":Pieri_81}}","{""value"":{}}"
"{""caption"":Rouge_Jullien,""id"":1082,""label"":Peach_variant,""properties"":{""name"":Rouge_Jullien}}","{""caption"":Buttapietra_(Fol_10),""id"":943,""label"":Peach_variant,""properties"":{""name"":Buttapietra_(Fol_10)}}","{""value"":{}}"
"{""caption"":Redskin,""id"":1086,""label"":Peach_variant,""properties"":{""name"":Redskin}}","{""caption"":Hiley,""id"":1104,""label"":Peach_variant,""properties"":{""name"":Hiley}}","{""value"":{}}"
"{""caption"":Redskin,""id"":1086,""label"":Peach_variant,""properties"":{""name"":Redskin}}","{""caption"":Majestic,""id"":991,""label"":Peach_variant,""properties"":{""name"":Majestic}}","{""value"":{}}"
"{""caption"":Redskin,""id"":1086,""label"":Peach_variant,""properties"":{""name"":Redskin}}","{""caption"":PrattS_Compact_Redhaven,""id"":1049,""label"":Peach_variant,""properties"":{""name"":PrattS_Compact_Redhaven}}","{""value"":{}}"
"{""caption"":Redskin,""id"":1086,""label"":Peach_variant,""properties"":{""name"":Redskin}}","{""caption"":Norman,""id"":1056,""label"":Peach_variant,""properties"":{""name"":Norman}}","{""value"":{}}"
"{""caption"":Genadix_7,""id"":1088,""label"":Peach_variant,""properties"":{""name"":Genadix_7}}","{""caption"":Tabalet,""id"":1017,""label"":Peach_variant,""properties"":{""name"":Tabalet}}","{""value"":{}}"
"{""caption"":Genadix_7,""id"":1088,""label"":Peach_variant,""properties"":{""name"":Genadix_7}}","{""caption"":San_Gottardo_(Fol_33),""id"":947,""label"":Peach_variant,""properties"":{""name"":San_Gottardo_(Fol_33)}}","{""value"":{}}"
"{""caption"":Genadix_7,""id"":1088,""label"":Peach_variant,""properties"":{""name"":Genadix_7}}","{""caption"":Capucci_18,""id"":1139,""label"":Peach_variant,""properties"":{""name"":Capucci_18}}","{""value"":{}}"
"{""caption"":Genadix_7,""id"":1088,""label"":Peach_variant,""properties"":{""name"":Genadix_7}}","{""caption"":Limonet,""id"":1144,""label"":Peach_variant,""properties"":{""name"":Limonet}}","{""value"":{}}"
"{""caption"":Genadix_7,""id"":1088,""label"":Peach_variant,""properties"":{""name"":Genadix_7}}","{""caption"":Redwing,""id"":1072,""label"":Peach_variant,""properties"":{""name"":Redwing}}","{""value"":{}}"
"{""caption"":Madeleine_Blanche,""id"":1089,""label"":Peach_variant,""properties"":{""name"":Madeleine_Blanche}}","{""caption"":Zao_Yan,""id"":1244,""label"":Peach_variant,""properties"":{""name"":Zao_Yan}}","{""value"":{}}"
"{""caption"":Vivian,""id"":1092,""label"":Peach_variant,""properties"":{""name"":Vivian}}","{""caption"":Troubadour,""id"":1055,""label"":Peach_variant,""properties"":{""name"":Troubadour}}","{""value"":{}}"
"{""caption"":Vivian,""id"":1092,""label"":Peach_variant,""properties"":{""name"":Vivian}}","{""caption"":Troubadour,""id"":1055,""label"":Peach_variant,""properties"":{""name"":Troubadour}}","{""value"":{}}"
"{""caption"":Amsden,""id"":1093,""label"":Peach_variant,""properties"":{""name"":Amsden}}","{""caption"":Incomparable_Guilloux,""id"":1063,""label"":Peach_variant,""properties"":{""name"":Incomparable_Guilloux}}","{""value"":{}}"
"{""caption"":August_Queen,""id"":1094,""label"":Peach_variant,""properties"":{""name"":August_Queen}}","{""caption"":Flavortop,""id"":1057,""label"":Peach_variant,""properties"":{""name"":Flavortop}}","{""value"":{}}"
"{""caption"":August_Queen,""id"":1094,""label"":Peach_variant,""properties"":{""name"":August_Queen}}","{""caption"":Early_Silver,""id"":981,""label"":Peach_variant,""properties"":{""name"":Early_Silver}}","{""value"":{}}"
"{""caption"":August_Queen,""id"":1094,""label"":Peach_variant,""properties"":{""name"":August_Queen}}","{""caption"":Romagna_Red,""id"":1155,""label"":Peach_variant,""properties"":{""name"":Romagna_Red}}","{""value"":{}}"
"{""caption"":Carman,""id"":1095,""label"":Peach_variant,""properties"":{""name"":Carman}}","{""caption"":Robidoux_(Fol_29),""id"":946,""label"":Peach_variant,""properties"":{""name"":Robidoux_(Fol_29)}}","{""value"":{}}"
"{""caption"":Carman,""id"":1095,""label"":Peach_variant,""properties"":{""name"":Carman}}","{""caption"":Du_Hakuho,""id"":1178,""label"":Peach_variant,""properties"":{""name"":Du_Hakuho}}","{""value"":{}}"
"{""caption"":Carman,""id"":1095,""label"":Peach_variant,""properties"":{""name"":Carman}}","{""caption"":Russotto,""id"":933,""label"":Peach_variant,""properties"":{""name"":Russotto}}","{""value"":{}}"
"{""caption"":Carman,""id"":1095,""label"":Peach_variant,""properties"":{""name"":Carman}}","{""caption"":Botto,""id"":968,""label"":Peach_variant,""properties"":{""name"":Botto}}","{""value"":{}}"
"{""caption"":Carman,""id"":1095,""label"":Peach_variant,""properties"":{""name"":Carman}}","{""caption"":San_Vito_(Fol_34),""id"":948,""label"":Peach_variant,""properties"":{""name"":San_Vito_(Fol_34)}}","{""value"":{}}"
"{""caption"":Chinese_Cling,""id"":1097,""label"":Peach_variant,""properties"":{""name"":Chinese_Cling}}","{""caption"":Okayama_500,""id"":1202,""label"":Peach_variant,""properties"":{""name"":Okayama_500}}","{""value"":{}}"
"{""caption"":Chinese_Cling,""id"":1097,""label"":Peach_variant,""properties"":{""name"":Chinese_Cling}}","{""caption"":Ying_Qing,""id"":1230,""label"":Peach_variant,""properties"":{""name"":Ying_Qing}}","{""value"":{}}"
"{""caption"":Chinese_Cling,""id"":1097,""label"":Peach_variant,""properties"":{""name"":Chinese_Cling}}","{""caption"":Chang_Zhi_Huang_Lu,""id"":1171,""label"":Peach_variant,""properties"":{""name"":Chang_Zhi_Huang_Lu}}","{""value"":{}}"
"{""caption"":Chinese_Cling,""id"":1097,""label"":Peach_variant,""properties"":{""name"":Chinese_Cling}}","{""caption"":Bai_Hua,""id"":1069,""label"":Peach_variant,""properties"":{""name"":Bai_Hua}}","{""value"":{}}"
"{""caption"":Chinese_Cling,""id"":1097,""label"":Peach_variant,""properties"":{""name"":Chinese_Cling}}","{""caption"":Xi_Pu_1,""id"":1222,""label"":Peach_variant,""properties"":{""name"":Xi_Pu_1}}","{""value"":{}}"
"{""caption"":Chinese_Cling,""id"":1097,""label"":Peach_variant,""properties"":{""name"":Chinese_Cling}}","{""caption"":Belle_Of_Georgia_(Fol_7),""id"":941,""label"":Peach_variant,""properties"":{""name"":Belle_Of_Georgia_(Fol_7)}}","{""value"":{}}"
"{""caption"":Chinese_Cling,""id"":1097,""label"":Peach_variant,""properties"":{""name"":Chinese_Cling}}","{""caption"":Rikakusuimitsu_(Un_1),""id"":950,""label"":Peach_variant,""properties"":{""name"":Rikakusuimitsu_(Un_1)}}","{""value"":{}}"
"{""caption"":Chinese_Cling,""id"":1097,""label"":Peach_variant,""properties"":{""name"":Chinese_Cling}}","{""caption"":Elberta,""id"":1101,""label"":Peach_variant,""properties"":{""name"":Elberta}}","{""value"":{}}"
"{""caption"":Crimson_Lady,""id"":1098,""label"":Peach_variant,""properties"":{""name"":Crimson_Lady}}","{""caption"":Tarderina,""id"":1127,""label"":Peach_variant,""properties"":{""name"":Tarderina}}","{""value"":{}}"
"{""caption"":Crimson_Lady,""id"":1098,""label"":Peach_variant,""properties"":{""name"":Crimson_Lady}}","{""caption"":S.97.74,""id"":1118,""label"":Peach_variant,""properties"":{""name"":S.97.74}}","{""value"":{}}"
"{""caption"":Early_Maycrest,""id"":1100,""label"":Peach_variant,""properties"":{""name"":Early_Maycrest}}","{""caption"":Crimson_Lady,""id"":1098,""label"":Peach_variant,""properties"":{""name"":Crimson_Lady}}","{""value"":{}}"
"{""caption"":Early_Maycrest,""id"":1100,""label"":Peach_variant,""properties"":{""name"":Early_Maycrest}}","{""caption"":Kalos_1,""id"":1107,""label"":Peach_variant,""properties"":{""name"":Kalos_1}}","{""value"":{}}"
"{""caption"":Elberta,""id"":1101,""label"":Peach_variant,""properties"":{""name"":Elberta}}","{""caption"":Sun_Prince,""id"":1062,""label"":Peach_variant,""properties"":{""name"":Sun_Prince}}","{""value"":{}}"
"{""caption"":Elberta,""id"":1101,""label"":Peach_variant,""properties"":{""name"":Elberta}}","{""caption"":Bel_Fior,""id"":910,""label"":Peach_variant,""properties"":{""name"":Bel_Fior}}","{""value"":{}}"
"{""caption"":Elberta,""id"":1101,""label"":Peach_variant,""properties"":{""name"":Elberta}}","{""caption"":Merrill_Rodeo,""id"":998,""label"":Peach_variant,""properties"":{""name"":Merrill_Rodeo}}","{""value"":{}}"
"{""caption"":Elberta,""id"":1101,""label"":Peach_variant,""properties"":{""name"":Elberta}}","{""caption"":Lusa,""id"":1146,""label"":Peach_variant,""properties"":{""name"":Lusa}}","{""value"":{}}"
"{""caption"":Elberta,""id"":1101,""label"":Peach_variant,""properties"":{""name"":Elberta}}","{""caption"":Bella_Dei_Trentini,""id"":911,""label"":Peach_variant,""properties"":{""name"":Bella_Dei_Trentini}}","{""value"":{}}"
"{""caption"":Elberta,""id"":1101,""label"":Peach_variant,""properties"":{""name"":Elberta}}","{""caption"":Red_Kist,""id"":930,""label"":Peach_variant,""properties"":{""name"":Red_Kist}}","{""value"":{}}"
"{""caption"":Elberta,""id"":1101,""label"":Peach_variant,""properties"":{""name"":Elberta}}","{""caption"":Tapodi_(Un_13),""id"":953,""label"":Peach_variant,""properties"":{""name"":Tapodi_(Un_13)}}","{""value"":{}}"
"{""caption"":Elberta,""id"":1101,""label"":Peach_variant,""properties"":{""name"":Elberta}}","{""caption"":Amarillo_De_Agosto_1,""id"":908,""label"":Peach_variant,""properties"":{""name"":Amarillo_De_Agosto_1}}","{""value"":{}}"
"{""caption"":Elberta,""id"":1101,""label"":Peach_variant,""properties"":{""name"":Elberta}}","{""caption"":Zhong_Shan_Zao_Lu_(Un_21),""id"":957,""label"":Peach_variant,""properties"":{""name"":Zhong_Shan_Zao_Lu_(Un_21)}}","{""value"":{}}"
"{""caption"":Elberta,""id"":1101,""label"":Peach_variant,""properties"":{""name"":Elberta}}","{""caption"":Pesca_Settembrina,""id"":1161,""label"":Peach_variant,""properties"":{""name"":Pesca_Settembrina}}","{""value"":{}}"
"{""caption"":Elberta,""id"":1101,""label"":Peach_variant,""properties"":{""name"":Elberta}}","{""caption"":John_Henry,""id"":1106,""label"":Peach_variant,""properties"":{""name"":John_Henry}}","{""value"":{}}"
"{""caption"":Elberta,""id"":1101,""label"":Peach_variant,""properties"":{""name"":Elberta}}","{""caption"":Silver_Logan,""id"":1048,""label"":Peach_variant,""properties"":{""name"":Silver_Logan}}","{""value"":{}}"
"{""caption"":Elberta,""id"":1101,""label"":Peach_variant,""properties"":{""name"":Elberta}}","{""caption"":Feicheng_Baili_17,""id"":982,""label"":Peach_variant,""properties"":{""name"":Feicheng_Baili_17}}","{""value"":{}}"
"{""caption"":Elberta,""id"":1101,""label"":Peach_variant,""properties"":{""name"":Elberta}}","{""caption"":Kompolt_1_(Un_26),""id"":958,""label"":Peach_variant,""properties"":{""name"":Kompolt_1_(Un_26)}}","{""value"":{}}"
"{""caption"":Elberta,""id"":1101,""label"":Peach_variant,""properties"":{""name"":Elberta}}","{""caption"":Kisapathy2_(Un_14),""id"":954,""label"":Peach_variant,""properties"":{""name"":Kisapathy2_(Un_14)}}","{""value"":{}}"
"{""caption"":Elberta,""id"":1101,""label"":Peach_variant,""properties"":{""name"":Elberta}}","{""caption"":Black_Campanin,""id"":914,""label"":Peach_variant,""properties"":{""name"":Black_Campanin}}","{""value"":{}}"
"{""caption"":Elberta,""id"":1101,""label"":Peach_variant,""properties"":{""name"":Elberta}}","{""caption"":Gialla_Tardiva_Di_Cogo,""id"":924,""label"":Peach_variant,""properties"":{""name"":Gialla_Tardiva_Di_Cogo}}","{""value"":{}}"
"{""caption"":Elberta,""id"":1101,""label"":Peach_variant,""properties"":{""name"":Elberta}}","{""caption"":Beicme_Bin,""id"":1136,""label"":Peach_variant,""properties"":{""name"":Beicme_Bin}}","{""value"":{}}"
"{""caption"":Elberta,""id"":1101,""label"":Peach_variant,""properties"":{""name"":Elberta}}","{""caption"":Silvette_2,""id"":1013,""label"":Peach_variant,""properties"":{""name"":Silvette_2}}","{""value"":{}}"
"{""caption"":Elberta,""id"":1101,""label"":Peach_variant,""properties"":{""name"":Elberta}}","{""caption"":Gg30,""id"":1141,""label"":Peach_variant,""properties"":{""name"":Gg30}}","{""value"":{}}"
"{""caption"":Elberta,""id"":1101,""label"":Peach_variant,""properties"":{""name"":Elberta}}","{""caption"":Fairhaven,""id"":1087,""label"":Peach_variant,""properties"":{""name"":Fairhaven}}","{""value"":{}}"
"{""caption"":Elberta,""id"":1101,""label"":Peach_variant,""properties"":{""name"":Elberta}}","{""caption"":Poppa_Di_Venere,""id"":928,""label"":Peach_variant,""properties"":{""name"":Poppa_Di_Venere}}","{""value"":{}}"
"{""caption"":Elberta,""id"":1101,""label"":Peach_variant,""properties"":{""name"":Elberta}}","{""caption"":Congres,""id"":919,""label"":Peach_variant,""properties"":{""name"":Congres}}","{""value"":{}}"
"{""caption"":Elberta,""id"":1101,""label"":Peach_variant,""properties"":{""name"":Elberta}}","{""caption"":Poppa_Di_Venere_Settembrina,""id"":1001,""label"":Peach_variant,""properties"":{""name"":Poppa_Di_Venere_Settembrina}}","{""value"":{}}"
"{""caption"":Elberta,""id"":1101,""label"":Peach_variant,""properties"":{""name"":Elberta}}","{""caption"":Tardiva_Di_Renacci,""id"":937,""label"":Peach_variant,""properties"":{""name"":Tardiva_Di_Renacci}}","{""value"":{}}"
"{""caption"":Elberta,""id"":1101,""label"":Peach_variant,""properties"":{""name"":Elberta}}","{""caption"":Percoca_Bianca_Mazzini,""id"":1147,""label"":Peach_variant,""properties"":{""name"":Percoca_Bianca_Mazzini}}","{""value"":{}}"
"{""caption"":Elberta,""id"":1101,""label"":Peach_variant,""properties"":{""name"":Elberta}}","{""caption"":Afra_T.15_9,""id"":1133,""label"":Peach_variant,""properties"":{""name"":Afra_T.15_9}}","{""value"":{}}"
"{""caption"":Elberta,""id"":1101,""label"":Peach_variant,""properties"":{""name"":Elberta}}","{""caption"":Messapia,""id"":1150,""label"":Peach_variant,""properties"":{""name"":Messapia}}","{""value"":{}}"
"{""caption"":Elberta,""id"":1101,""label"":Peach_variant,""properties"":{""name"":Elberta}}","{""caption"":Redskin,""id"":1086,""label"":Peach_variant,""properties"":{""name"":Redskin}}","{""value"":{}}"
"{""caption"":Greensboro,""id"":1103,""label"":Peach_variant,""properties"":{""name"":Greensboro}}","{""caption"":Cumberland,""id"":1099,""label"":Peach_variant,""properties"":{""name"":Cumberland}}","{""value"":{}}"
"{""caption"":Hiley,""id"":1104,""label"":Peach_variant,""properties"":{""name"":Hiley}}","{""caption"":Belle_Of_Georgia_(Fol_7),""id"":941,""label"":Peach_variant,""properties"":{""name"":Belle_Of_Georgia_(Fol_7)}}","{""value"":{}}"
"{""caption"":Nishiki,""id"":1111,""label"":Peach_variant,""properties"":{""name"":Nishiki}}","{""caption"":Early_Gold,""id"":1000,""label"":Peach_variant,""properties"":{""name"":Early_Gold}}","{""value"":{}}"
"{""caption"":OHenry,""id"":1112,""label"":Peach_variant,""properties"":{""name"":OHenry}}","{""caption"":Dolores,""id"":1140,""label"":Peach_variant,""properties"":{""name"":Dolores}}","{""value"":{}}"
"{""caption"":OHenry,""id"":1112,""label"":Peach_variant,""properties"":{""name"":OHenry}}","{""caption"":Aline,""id"":963,""label"":Peach_variant,""properties"":{""name"":Aline}}","{""value"":{}}"
"{""caption"":OHenry,""id"":1112,""label"":Peach_variant,""properties"":{""name"":OHenry}}","{""caption"":Snow_King,""id"":1044,""label"":Peach_variant,""properties"":{""name"":Snow_King}}","{""value"":{}}"
"{""caption"":Panamint,""id"":1113,""label"":Peach_variant,""properties"":{""name"":Panamint}}","{""caption"":Br_1,""id"":915,""label"":Peach_variant,""properties"":{""name"":Br_1}}","{""value"":{}}"
"{""caption"":Queen_Crest,""id"":1115,""label"":Peach_variant,""properties"":{""name"":Queen_Crest}}","{""caption"":Nadia,""id"":1151,""label"":Peach_variant,""properties"":{""name"":Nadia}}","{""value"":{}}"
"{""caption"":Queen_Crest,""id"":1115,""label"":Peach_variant,""properties"":{""name"":Queen_Crest}}","{""caption"":Spring_Baby,""id"":1157,""label"":Peach_variant,""properties"":{""name"":Spring_Baby}}","{""value"":{}}"
"{""caption"":Queen_Crest,""id"":1115,""label"":Peach_variant,""properties"":{""name"":Queen_Crest}}","{""caption"":Primerose,""id"":1002,""label"":Peach_variant,""properties"":{""name"":Primerose}}","{""value"":{}}"
"{""caption"":Queen_Crest,""id"":1115,""label"":Peach_variant,""properties"":{""name"":Queen_Crest}}","{""caption"":Supeach_Six,""id"":1159,""label"":Peach_variant,""properties"":{""name"":Supeach_Six}}","{""value"":{}}"
"{""caption"":Queen_Crest,""id"":1115,""label"":Peach_variant,""properties"":{""name"":Queen_Crest}}","{""caption"":Wu_Yue_Xian,""id"":1220,""label"":Peach_variant,""properties"":{""name"":Wu_Yue_Xian}}","{""value"":{}}"
"{""caption"":Queen_Crest,""id"":1115,""label"":Peach_variant,""properties"":{""name"":Queen_Crest}}","{""caption"":Esnitabe,""id"":1061,""label"":Peach_variant,""properties"":{""name"":Esnitabe}}","{""value"":{}}"
"{""caption"":Queen_Crest,""id"":1115,""label"":Peach_variant,""properties"":{""name"":Queen_Crest}}","{""caption"":Rosella,""id"":1153,""label"":Peach_variant,""properties"":{""name"":Rosella}}","{""value"":{}}"
"{""caption"":September_Queen,""id"":1119,""label"":Peach_variant,""properties"":{""name"":September_Queen}}","{""caption"":Ng_3_5_20,""id"":1109,""label"":Peach_variant,""properties"":{""name"":Ng_3_5_20}}","{""value"":{}}"
"{""caption"":September_Queen,""id"":1119,""label"":Peach_variant,""properties"":{""name"":September_Queen}}","{""caption"":Romagna_Red,""id"":1155,""label"":Peach_variant,""properties"":{""name"":Romagna_Red}}","{""value"":{}}"
"{""caption"":September_Queen,""id"":1119,""label"":Peach_variant,""properties"":{""name"":September_Queen}}","{""caption"":Ng_3_6_7,""id"":1110,""label"":Peach_variant,""properties"":{""name"":Ng_3_6_7}}","{""value"":{}}"
"{""caption"":September_Queen,""id"":1119,""label"":Peach_variant,""properties"":{""name"":September_Queen}}","{""caption"":Silver_Ray,""id"":1120,""label"":Peach_variant,""properties"":{""name"":Silver_Ray}}","{""value"":{}}"
"{""caption"":Spring_Belle,""id"":1122,""label"":Peach_variant,""properties"":{""name"":Spring_Belle}}","{""caption"":Spring_Baby,""id"":1157,""label"":Peach_variant,""properties"":{""name"":Spring_Baby}}","{""value"":{}}"
"{""caption"":Springold,""id"":1123,""label"":Peach_variant,""properties"":{""name"":Springold}}","{""caption"":Nadia,""id"":1151,""label"":Peach_variant,""properties"":{""name"":Nadia}}","{""value"":{}}"
"{""caption"":Springold,""id"":1123,""label"":Peach_variant,""properties"":{""name"":Springold}}","{""caption"":Peento                ,""id"":1114,""label"":Peach_variant,""properties"":{""name"":Peento                }}","{""value"":{}}"
"{""caption"":Springold,""id"":1123,""label"":Peach_variant,""properties"":{""name"":Springold}}","{""caption"":Esnitabe,""id"":1061,""label"":Peach_variant,""properties"":{""name"":Esnitabe}}","{""value"":{}}"
"{""caption"":Springold,""id"":1123,""label"":Peach_variant,""properties"":{""name"":Springold}}","{""caption"":S.97.39,""id"":1117,""label"":Peach_variant,""properties"":{""name"":S.97.39}}","{""value"":{}}"
"{""caption"":Springold,""id"":1123,""label"":Peach_variant,""properties"":{""name"":Springold}}","{""caption"":Une_De_Mai,""id"":1070,""label"":Peach_variant,""properties"":{""name"":Une_De_Mai}}","{""value"":{}}"
"{""caption"":Springold,""id"":1123,""label"":Peach_variant,""properties"":{""name"":Springold}}","{""caption"":Supeach_Six,""id"":1159,""label"":Peach_variant,""properties"":{""name"":Supeach_Six}}","{""value"":{}}"
"{""caption"":Springold,""id"":1123,""label"":Peach_variant,""properties"":{""name"":Springold}}","{""caption"":Crimson_Lady,""id"":1098,""label"":Peach_variant,""properties"":{""name"":Crimson_Lady}}","{""value"":{}}"
"{""caption"":Starcrest,""id"":1124,""label"":Peach_variant,""properties"":{""name"":Starcrest}}","{""caption"":Sweet_Ring,""id"":1126,""label"":Peach_variant,""properties"":{""name"":Sweet_Ring}}","{""value"":{}}"
"{""caption"":Sunhigh,""id"":1125,""label"":Peach_variant,""properties"":{""name"":Sunhigh}}","{""caption"":Redtop,""id"":1090,""label"":Peach_variant,""properties"":{""name"":Redtop}}","{""value"":{}}"
"{""caption"":Beijing,""id"":1135,""label"":Peach_variant,""properties"":{""name"":Beijing}}","{""caption"":Hikawa_Hakuho,""id"":1186,""label"":Peach_variant,""properties"":{""name"":Hikawa_Hakuho}}","{""value"":{}}"
"{""caption"":Borgia,""id"":1138,""label"":Peach_variant,""properties"":{""name"":Borgia}}","{""caption"":Harken,""id"":1080,""label"":Peach_variant,""properties"":{""name"":Harken}}","{""value"":{}}"
"{""caption"":Borgia,""id"":1138,""label"":Peach_variant,""properties"":{""name"":Borgia}}","{""caption"":Spring_Belle,""id"":1122,""label"":Peach_variant,""properties"":{""name"":Spring_Belle}}","{""value"":{}}"
"{""caption"":Borgia,""id"":1138,""label"":Peach_variant,""properties"":{""name"":Borgia}}","{""caption"":Early_Maycrest,""id"":1100,""label"":Peach_variant,""properties"":{""name"":Early_Maycrest}}","{""value"":{}}"
"{""caption"":Borgia,""id"":1138,""label"":Peach_variant,""properties"":{""name"":Borgia}}","{""caption"":Springtime,""id"":1015,""label"":Peach_variant,""properties"":{""name"":Springtime}}","{""value"":{}}"
"{""caption"":Borgia,""id"":1138,""label"":Peach_variant,""properties"":{""name"":Borgia}}","{""caption"":Queen_Crest,""id"":1115,""label"":Peach_variant,""properties"":{""name"":Queen_Crest}}","{""value"":{}}"
"{""caption"":Borgia,""id"":1138,""label"":Peach_variant,""properties"":{""name"":Borgia}}","{""caption"":San_Giovanni,""id"":935,""label"":Peach_variant,""properties"":{""name"":San_Giovanni}}","{""value"":{}}"
"{""caption"":Borgia,""id"":1138,""label"":Peach_variant,""properties"":{""name"":Borgia}}","{""caption"":Springold,""id"":1123,""label"":Peach_variant,""properties"":{""name"":Springold}}","{""value"":{}}"
"{""caption"":Capucci_18,""id"":1139,""label"":Peach_variant,""properties"":{""name"":Capucci_18}}","{""caption"":Ford,""id"":922,""label"":Peach_variant,""properties"":{""name"":Ford}}","{""value"":{}}"
"{""caption"":J.H.Hale,""id"":1143,""label"":Peach_variant,""properties"":{""name"":J.H.Hale}}","{""caption"":Glohaven,""id"":984,""label"":Peach_variant,""properties"":{""name"":Glohaven}}","{""value"":{}}"
"{""caption"":Limonet,""id"":1144,""label"":Peach_variant,""properties"":{""name"":Limonet}}","{""caption"":Zhengzhou_7,""id"":1247,""label"":Peach_variant,""properties"":{""name"":Zhengzhou_7}}","{""value"":{}}"
"{""caption"":Limonet,""id"":1144,""label"":Peach_variant,""properties"":{""name"":Limonet}}","{""caption"":Stoney_Hard,""id"":1158,""label"":Peach_variant,""properties"":{""name"":Stoney_Hard}}","{""value"":{}}"
"{""caption"":Limonet,""id"":1144,""label"":Peach_variant,""properties"":{""name"":Limonet}}","{""caption"":Hatsukami,""id"":1185,""label"":Peach_variant,""properties"":{""name"":Hatsukami}}","{""value"":{}}"
"{""caption"":Limonet,""id"":1144,""label"":Peach_variant,""properties"":{""name"":Limonet}}","{""caption"":Regina_Bianca,""id"":1004,""label"":Peach_variant,""properties"":{""name"":Regina_Bianca}}","{""value"":{}}"
"{""caption"":Limonet,""id"":1144,""label"":Peach_variant,""properties"":{""name"":Limonet}}","{""caption"":Rouge_Jullien,""id"":1082,""label"":Peach_variant,""properties"":{""name"":Rouge_Jullien}}","{""value"":{}}"
"{""caption"":Limonet,""id"":1144,""label"":Peach_variant,""properties"":{""name"":Limonet}}","{""caption"":Bella_Di_Gambettola,""id"":912,""label"":Peach_variant,""properties"":{""name"":Bella_Di_Gambettola}}","{""value"":{}}"
"{""caption"":Limonet,""id"":1144,""label"":Peach_variant,""properties"":{""name"":Limonet}}","{""caption"":Splendor,""id"":1156,""label"":Peach_variant,""properties"":{""name"":Splendor}}","{""value"":{}}"
"{""caption"":Lucrezia,""id"":1145,""label"":Peach_variant,""properties"":{""name"":Lucrezia}}","{""caption"":Harken,""id"":1080,""label"":Peach_variant,""properties"":{""name"":Harken}}","{""value"":{}}"
"{""caption"":Lucrezia,""id"":1145,""label"":Peach_variant,""properties"":{""name"":Lucrezia}}","{""caption"":Springlady,""id"":1046,""label"":Peach_variant,""properties"":{""name"":Springlady}}","{""value"":{}}"
"{""caption"":Lucrezia,""id"":1145,""label"":Peach_variant,""properties"":{""name"":Lucrezia}}","{""caption"":Springtime,""id"":1015,""label"":Peach_variant,""properties"":{""name"":Springtime}}","{""value"":{}}"
"{""caption"":Lucrezia,""id"":1145,""label"":Peach_variant,""properties"":{""name"":Lucrezia}}","{""caption"":Spring_Belle,""id"":1122,""label"":Peach_variant,""properties"":{""name"":Spring_Belle}}","{""value"":{}}"
"{""caption"":Lucrezia,""id"":1145,""label"":Peach_variant,""properties"":{""name"":Lucrezia}}","{""caption"":San_Giovanni,""id"":935,""label"":Peach_variant,""properties"":{""name"":San_Giovanni}}","{""value"":{}}"
"{""caption"":Lucrezia,""id"":1145,""label"":Peach_variant,""properties"":{""name"":Lucrezia}}","{""caption"":Early_Maycrest,""id"":1100,""label"":Peach_variant,""properties"":{""name"":Early_Maycrest}}","{""value"":{}}"
"{""caption"":Lucrezia,""id"":1145,""label"":Peach_variant,""properties"":{""name"":Lucrezia}}","{""caption"":Springold,""id"":1123,""label"":Peach_variant,""properties"":{""name"":Springold}}","{""value"":{}}"
"{""caption"":Lucrezia,""id"":1145,""label"":Peach_variant,""properties"":{""name"":Lucrezia}}","{""caption"":Queen_Crest,""id"":1115,""label"":Peach_variant,""properties"":{""name"":Queen_Crest}}","{""value"":{}}"
"{""caption"":Percoca_Bianca_Mazzini,""id"":1147,""label"":Peach_variant,""properties"":{""name"":Percoca_Bianca_Mazzini}}","{""caption"":San_Varano_3,""id"":936,""label"":Peach_variant,""properties"":{""name"":San_Varano_3}}","{""value"":{}}"
"{""caption"":Rubiette,""id"":1148,""label"":Peach_variant,""properties"":{""name"":Rubiette}}","{""caption"":Redwing,""id"":1072,""label"":Peach_variant,""properties"":{""name"":Redwing}}","{""value"":{}}"
"{""caption"":Rosella,""id"":1153,""label"":Peach_variant,""properties"":{""name"":Rosella}}","{""caption"":Springlady,""id"":1046,""label"":Peach_variant,""properties"":{""name"":Springlady}}","{""value"":{}}"
"{""caption"":Splendor,""id"":1156,""label"":Peach_variant,""properties"":{""name"":Splendor}}","{""caption"":Red_Kist,""id"":930,""label"":Peach_variant,""properties"":{""name"":Red_Kist}}","{""value"":{}}"
"{""caption"":Stoney_Hard,""id"":1158,""label"":Peach_variant,""properties"":{""name"":Stoney_Hard}}","{""caption"":Redskin,""id"":1086,""label"":Peach_variant,""properties"":{""name"":Redskin}}","{""value"":{}}"
"{""caption"":87_7_1,""id"":1165,""label"":Peach_variant,""properties"":{""name"":87_7_1}}","{""caption"":96_5_1,""id"":1167,""label"":Peach_variant,""properties"":{""name"":96_5_1}}","{""value"":{}}"
"{""caption"":Bai_Hua_Shui_Mi,""id"":1168,""label"":Peach_variant,""properties"":{""name"":Bai_Hua_Shui_Mi}}","{""caption"":Zhao_Hui,""id"":1246,""label"":Peach_variant,""properties"":{""name"":Zhao_Hui}}","{""value"":{}}"
"{""caption"":Chun_Xia_Mi,""id"":1172,""label"":Peach_variant,""properties"":{""name"":Chun_Xia_Mi}}","{""caption"":Shen_Chou_Honey,""id"":1083,""label"":Peach_variant,""properties"":{""name"":Shen_Chou_Honey}}","{""value"":{}}"
"{""caption"":Chun_Xia_Mi,""id"":1172,""label"":Peach_variant,""properties"":{""name"":Chun_Xia_Mi}}","{""caption"":Shen_Zhou_Mitao,""id"":1011,""label"":Peach_variant,""properties"":{""name"":Shen_Zhou_Mitao}}","{""value"":{}}"
"{""caption"":Chun_Xia_Mi,""id"":1172,""label"":Peach_variant,""properties"":{""name"":Chun_Xia_Mi}}","{""caption"":Qiu_Mi,""id"":1209,""label"":Peach_variant,""properties"":{""name"":Qiu_Mi}}","{""value"":{}}"
"{""caption"":Daguan_1,""id"":1174,""label"":Peach_variant,""properties"":{""name"":Daguan_1}}","{""caption"":Baekmi_Josaeng,""id"":964,""label"":Peach_variant,""properties"":{""name"":Baekmi_Josaeng}}","{""value"":{}}"
"{""caption"":Dongfeng_Fen_Tian_Tao_Early,""id"":1176,""label"":Peach_variant,""properties"":{""name"":Dongfeng_Fen_Tian_Tao_Early}}","{""caption"":Rainflowerdew,""id"":1003,""label"":Peach_variant,""properties"":{""name"":Rainflowerdew}}","{""value"":{}}"
"{""caption"":Dongfeng_Fen_Tian_Tao_Early,""id"":1176,""label"":Peach_variant,""properties"":{""name"":Dongfeng_Fen_Tian_Tao_Early}}","{""caption"":Xue_Xiang_Lu,""id"":1227,""label"":Peach_variant,""properties"":{""name"":Xue_Xiang_Lu}}","{""value"":{}}"
"{""caption"":Dongfeng_Shuimi,""id"":1177,""label"":Peach_variant,""properties"":{""name"":Dongfeng_Shuimi}}","{""caption"":Jing_Chun,""id"":1193,""label"":Peach_variant,""properties"":{""name"":Jing_Chun}}","{""value"":{}}"
"{""caption"":Dongfeng_Shuimi,""id"":1177,""label"":Peach_variant,""properties"":{""name"":Dongfeng_Shuimi}}","{""caption"":Sha_Hong_Tao,""id"":1213,""label"":Peach_variant,""properties"":{""name"":Sha_Hong_Tao}}","{""value"":{}}"
"{""caption"":Dongfeng_Shuimi,""id"":1177,""label"":Peach_variant,""properties"":{""name"":Dongfeng_Shuimi}}","{""caption"":Bei_Nong_1,""id"":1169,""label"":Peach_variant,""properties"":{""name"":Bei_Nong_1}}","{""value"":{}}"
"{""caption"":Dongfeng_Shuimi,""id"":1177,""label"":Peach_variant,""properties"":{""name"":Dongfeng_Shuimi}}","{""caption"":Yumyeong,""id"":1019,""label"":Peach_variant,""properties"":{""name"":Yumyeong}}","{""value"":{}}"
"{""caption"":Dongfeng_Shuimi,""id"":1177,""label"":Peach_variant,""properties"":{""name"":Dongfeng_Shuimi}}","{""caption"":Ye_Sheng_Tao,""id"":1229,""label"":Peach_variant,""properties"":{""name"":Ye_Sheng_Tao}}","{""value"":{}}"
"{""caption"":Dongfeng_Shuimi,""id"":1177,""label"":Peach_variant,""properties"":{""name"":Dongfeng_Shuimi}}","{""caption"":Okayama_Wase,""id"":1203,""label"":Peach_variant,""properties"":{""name"":Okayama_Wase}}","{""value"":{}}"
"{""caption"":Dongfeng_Shuimi,""id"":1177,""label"":Peach_variant,""properties"":{""name"":Dongfeng_Shuimi}}","{""caption"":Jing_Mi,""id"":1194,""label"":Peach_variant,""properties"":{""name"":Jing_Mi}}","{""value"":{}}"
"{""caption"":Dongfeng_Shuimi,""id"":1177,""label"":Peach_variant,""properties"":{""name"":Dongfeng_Shuimi}}","{""caption"":Zaolu_Pan_Tao,""id"":1245,""label"":Peach_variant,""properties"":{""name"":Zaolu_Pan_Tao}}","{""value"":{}}"
"{""caption"":Dongfeng_Shuimi,""id"":1177,""label"":Peach_variant,""properties"":{""name"":Dongfeng_Shuimi}}","{""caption"":Wei_Yang_2,""id"":1219,""label"":Peach_variant,""properties"":{""name"":Wei_Yang_2}}","{""value"":{}}"
"{""caption"":Dongfeng_Shuimi,""id"":1177,""label"":Peach_variant,""properties"":{""name"":Dongfeng_Shuimi}}","{""caption"":Zao_Pan_42,""id"":1240,""label"":Peach_variant,""properties"":{""name"":Zao_Pan_42}}","{""value"":{}}"
"{""caption"":Dongfeng_Shuimi,""id"":1177,""label"":Peach_variant,""properties"":{""name"":Dongfeng_Shuimi}}","{""caption"":Akatsuki_T1032,""id"":1065,""label"":Peach_variant,""properties"":{""name"":Akatsuki_T1032}}","{""value"":{}}"
"{""caption"":Dongfeng_Shuimi,""id"":1177,""label"":Peach_variant,""properties"":{""name"":Dongfeng_Shuimi}}","{""caption"":Chun_Yan,""id"":1173,""label"":Peach_variant,""properties"":{""name"":Chun_Yan}}","{""value"":{}}"
"{""caption"":Dongfeng_Shuimi,""id"":1177,""label"":Peach_variant,""properties"":{""name"":Dongfeng_Shuimi}}","{""caption"":Iff_331,""id"":1142,""label"":Peach_variant,""properties"":{""name"":Iff_331}}","{""value"":{}}"
"{""caption"":Dongfeng_Shuimi,""id"":1177,""label"":Peach_variant,""properties"":{""name"":Dongfeng_Shuimi}}","{""caption"":Zao_Feng_Wang,""id"":1236,""label"":Peach_variant,""properties"":{""name"":Zao_Feng_Wang}}","{""value"":{}}"
"{""caption"":Dongfeng_Shuimi,""id"":1177,""label"":Peach_variant,""properties"":{""name"":Dongfeng_Shuimi}}","{""caption"":Bai_Hua,""id"":1069,""label"":Peach_variant,""properties"":{""name"":Bai_Hua}}","{""value"":{}}"
"{""caption"":Dongfeng_Shuimi,""id"":1177,""label"":Peach_variant,""properties"":{""name"":Dongfeng_Shuimi}}","{""caption"":Zao_Kui,""id"":1238,""label"":Peach_variant,""properties"":{""name"":Zao_Kui}}","{""value"":{}}"
"{""caption"":Dongfeng_Shuimi,""id"":1177,""label"":Peach_variant,""properties"":{""name"":Dongfeng_Shuimi}}","{""caption"":You_Ming,""id"":1231,""label"":Peach_variant,""properties"":{""name"":You_Ming}}","{""value"":{}}"
"{""caption"":Dongfeng_Shuimi,""id"":1177,""label"":Peach_variant,""properties"":{""name"":Dongfeng_Shuimi}}","{""caption"":Gan_Xuan_2,""id"":1182,""label"":Peach_variant,""properties"":{""name"":Gan_Xuan_2}}","{""value"":{}}"
"{""caption"":Dongfeng_Shuimi,""id"":1177,""label"":Peach_variant,""properties"":{""name"":Dongfeng_Shuimi}}","{""caption"":Feng_Bai,""id"":1180,""label"":Peach_variant,""properties"":{""name"":Feng_Bai}}","{""value"":{}}"
"{""caption"":Dongfeng_Shuimi,""id"":1177,""label"":Peach_variant,""properties"":{""name"":Dongfeng_Shuimi}}","{""caption"":Chun_Lei,""id"":974,""label"":Peach_variant,""properties"":{""name"":Chun_Lei}}","{""value"":{}}"
"{""caption"":Dongfeng_Shuimi,""id"":1177,""label"":Peach_variant,""properties"":{""name"":Dongfeng_Shuimi}}","{""caption"":Genali_427,""id"":1064,""label"":Peach_variant,""properties"":{""name"":Genali_427}}","{""value"":{}}"
"{""caption"":Dongfeng_Shuimi,""id"":1177,""label"":Peach_variant,""properties"":{""name"":Dongfeng_Shuimi}}","{""caption"":Wan_Hong_Mi,""id"":1217,""label"":Peach_variant,""properties"":{""name"":Wan_Hong_Mi}}","{""value"":{}}"
"{""caption"":Dongfeng_Shuimi,""id"":1177,""label"":Peach_variant,""properties"":{""name"":Dongfeng_Shuimi}}","{""caption"":Bayue_Cui,""id"":909,""label"":Peach_variant,""properties"":{""name"":Bayue_Cui}}","{""value"":{}}"
"{""caption"":Dongfeng_Shuimi,""id"":1177,""label"":Peach_variant,""properties"":{""name"":Dongfeng_Shuimi}}","{""caption"":De_Wet,""id"":920,""label"":Peach_variant,""properties"":{""name"":De_Wet}}","{""value"":{}}"
"{""caption"":Dongfeng_Shuimi,""id"":1177,""label"":Peach_variant,""properties"":{""name"":Dongfeng_Shuimi}}","{""caption"":Hikawa_Hakuho,""id"":1186,""label"":Peach_variant,""properties"":{""name"":Hikawa_Hakuho}}","{""value"":{}}"
"{""caption"":Dongfeng_Shuimi,""id"":1177,""label"":Peach_variant,""properties"":{""name"":Dongfeng_Shuimi}}","{""caption"":Dongfeng_Fen_Tian_Tao_Early,""id"":1176,""label"":Peach_variant,""properties"":{""name"":Dongfeng_Fen_Tian_Tao_Early}}","{""value"":{}}"
"{""caption"":Dongfeng_Shuimi,""id"":1177,""label"":Peach_variant,""properties"":{""name"":Dongfeng_Shuimi}}","{""caption"":Kurakata_Wase,""id"":988,""label"":Peach_variant,""properties"":{""name"":Kurakata_Wase}}","{""value"":{}}"
"{""caption"":Dongfeng_Shuimi,""id"":1177,""label"":Peach_variant,""properties"":{""name"":Dongfeng_Shuimi}}","{""caption"":Wolbong_Josaeng,""id"":939,""label"":Peach_variant,""properties"":{""name"":Wolbong_Josaeng}}","{""value"":{}}"
"{""caption"":Dongfeng_Shuimi,""id"":1177,""label"":Peach_variant,""properties"":{""name"":Dongfeng_Shuimi}}","{""caption"":Changbang_Mutant,""id"":972,""label"":Peach_variant,""properties"":{""name"":Changbang_Mutant}}","{""value"":{}}"
"{""caption"":Dongfeng_Shuimi,""id"":1177,""label"":Peach_variant,""properties"":{""name"":Dongfeng_Shuimi}}","{""caption"":Jing_Hong,""id"":1074,""label"":Peach_variant,""properties"":{""name"":Jing_Hong}}","{""value"":{}}"
"{""caption"":Dongfeng_Shuimi,""id"":1177,""label"":Peach_variant,""properties"":{""name"":Dongfeng_Shuimi}}","{""caption"":Zao_Feng_Huang,""id"":1235,""label"":Peach_variant,""properties"":{""name"":Zao_Feng_Huang}}","{""value"":{}}"
"{""caption"":Du_Hakuho,""id"":1178,""label"":Peach_variant,""properties"":{""name"":Du_Hakuho}}","{""caption"":Hong_Gan_Lu,""id"":1187,""label"":Peach_variant,""properties"":{""name"":Hong_Gan_Lu}}","{""value"":{}}"
"{""caption"":E_Tao_1,""id"":1179,""label"":Peach_variant,""properties"":{""name"":E_Tao_1}}","{""caption"":Bei_Nong_1,""id"":1169,""label"":Peach_variant,""properties"":{""name"":Bei_Nong_1}}","{""value"":{}}"
"{""caption"":E_Tao_1,""id"":1179,""label"":Peach_variant,""properties"":{""name"":E_Tao_1}}","{""caption"":Feng_Bai,""id"":1180,""label"":Peach_variant,""properties"":{""name"":Feng_Bai}}","{""value"":{}}"
"{""caption"":E_Tao_1,""id"":1179,""label"":Peach_variant,""properties"":{""name"":E_Tao_1}}","{""caption"":Genali_427,""id"":1064,""label"":Peach_variant,""properties"":{""name"":Genali_427}}","{""value"":{}}"
"{""caption"":E_Tao_1,""id"":1179,""label"":Peach_variant,""properties"":{""name"":E_Tao_1}}","{""caption"":Ohayashi,""id"":1199,""label"":Peach_variant,""properties"":{""name"":Ohayashi}}","{""value"":{}}"
"{""caption"":Feng_Guang,""id"":1181,""label"":Peach_variant,""properties"":{""name"":Feng_Guang}}","{""caption"":01_39_34,""id"":1163,""label"":Peach_variant,""properties"":{""name"":01_39_34}}","{""value"":{}}"
"{""caption"":Hakuho,""id"":1183,""label"":Peach_variant,""properties"":{""name"":Hakuho}}","{""caption"":Wan_Bai_Mi,""id"":1216,""label"":Peach_variant,""properties"":{""name"":Wan_Bai_Mi}}","{""value"":{}}"
"{""caption"":Hakuto,""id"":1184,""label"":Peach_variant,""properties"":{""name"":Hakuto}}","{""caption"":Ohdama_Hakuho,""id"":1200,""label"":Peach_variant,""properties"":{""name"":Ohdama_Hakuho}}","{""value"":{}}"
"{""caption"":Hakuto,""id"":1184,""label"":Peach_variant,""properties"":{""name"":Hakuto}}","{""caption"":Hakuho,""id"":1183,""label"":Peach_variant,""properties"":{""name"":Hakuho}}","{""value"":{}}"
"{""caption"":Hatsukami,""id"":1185,""label"":Peach_variant,""properties"":{""name"":Hatsukami}}","{""caption"":Beijing,""id"":1135,""label"":Peach_variant,""properties"":{""name"":Beijing}}","{""value"":{}}"
"{""caption"":Hatsukami,""id"":1185,""label"":Peach_variant,""properties"":{""name"":Hatsukami}}","{""caption"":Daguan_1,""id"":1174,""label"":Peach_variant,""properties"":{""name"":Daguan_1}}","{""value"":{}}"
"{""caption"":Hatsukami,""id"":1185,""label"":Peach_variant,""properties"":{""name"":Hatsukami}}","{""caption"":Chinese_Cling,""id"":1097,""label"":Peach_variant,""properties"":{""name"":Chinese_Cling}}","{""value"":{}}"
"{""caption"":Hatsukami,""id"":1185,""label"":Peach_variant,""properties"":{""name"":Hatsukami}}","{""caption"":Dongfeng_Shuimi,""id"":1177,""label"":Peach_variant,""properties"":{""name"":Dongfeng_Shuimi}}","{""value"":{}}"
"{""caption"":Hatsukami,""id"":1185,""label"":Peach_variant,""properties"":{""name"":Hatsukami}}","{""caption"":Zao_Hua_Lu,""id"":1237,""label"":Peach_variant,""properties"":{""name"":Zao_Hua_Lu}}","{""value"":{}}"
"{""caption"":Hatsukami,""id"":1185,""label"":Peach_variant,""properties"":{""name"":Hatsukami}}","{""caption"":Chun_Lei,""id"":974,""label"":Peach_variant,""properties"":{""name"":Chun_Lei}}","{""value"":{}}"
"{""caption"":Hatsukami,""id"":1185,""label"":Peach_variant,""properties"":{""name"":Hatsukami}}","{""caption"":Zao_Xiang_Yu,""id"":1243,""label"":Peach_variant,""properties"":{""name"":Zao_Xiang_Yu}}","{""value"":{}}"
"{""caption"":Hikawa_Hakuho,""id"":1186,""label"":Peach_variant,""properties"":{""name"":Hikawa_Hakuho}}","{""caption"":Daguan_1,""id"":1174,""label"":Peach_variant,""properties"":{""name"":Daguan_1}}","{""value"":{}}"
"{""caption"":Jing_Mi,""id"":1194,""label"":Peach_variant,""properties"":{""name"":Jing_Mi}}","{""caption"":Wan_Mi,""id"":1218,""label"":Peach_variant,""properties"":{""name"":Wan_Mi}}","{""value"":{}}"
"{""caption"":Jing_Mi,""id"":1194,""label"":Peach_variant,""properties"":{""name"":Jing_Mi}}","{""caption"":Jin_Yan,""id"":1192,""label"":Peach_variant,""properties"":{""name"":Jin_Yan}}","{""value"":{}}"
"{""caption"":Jing_Mi,""id"":1194,""label"":Peach_variant,""properties"":{""name"":Jing_Mi}}","{""caption"":Beijing_14,""id"":1170,""label"":Peach_variant,""properties"":{""name"":Beijing_14}}","{""value"":{}}"
"{""caption"":Mai_Xiang,""id"":1196,""label"":Peach_variant,""properties"":{""name"":Mai_Xiang}}","{""caption"":Bella_Di_Gambettola,""id"":912,""label"":Peach_variant,""properties"":{""name"":Bella_Di_Gambettola}}","{""value"":{}}"
"{""caption"":Mai_Xiang,""id"":1196,""label"":Peach_variant,""properties"":{""name"":Mai_Xiang}}","{""caption"":Zao_Shang_Hai_Shui_Mi,""id"":1241,""label"":Peach_variant,""properties"":{""name"":Zao_Shang_Hai_Shui_Mi}}","{""value"":{}}"
"{""caption"":Mai_Xiang,""id"":1196,""label"":Peach_variant,""properties"":{""name"":Mai_Xiang}}","{""caption"":De_Wet,""id"":920,""label"":Peach_variant,""properties"":{""name"":De_Wet}}","{""value"":{}}"
"{""caption"":Mai_Xiang,""id"":1196,""label"":Peach_variant,""properties"":{""name"":Mai_Xiang}}","{""caption"":Selvaggio_Di_Canove_(Fol_35),""id"":949,""label"":Peach_variant,""properties"":{""name"":Selvaggio_Di_Canove_(Fol_35)}}","{""value"":{}}"
"{""caption"":Mai_Xiang,""id"":1196,""label"":Peach_variant,""properties"":{""name"":Mai_Xiang}}","{""caption"":Okubo_(Fol_26),""id"":945,""label"":Peach_variant,""properties"":{""name"":Okubo_(Fol_26)}}","{""value"":{}}"
"{""caption"":Mai_Xiang,""id"":1196,""label"":Peach_variant,""properties"":{""name"":Mai_Xiang}}","{""caption"":E_Tao_1,""id"":1179,""label"":Peach_variant,""properties"":{""name"":E_Tao_1}}","{""value"":{}}"
"{""caption"":Mai_Xiang,""id"":1196,""label"":Peach_variant,""properties"":{""name"":Mai_Xiang}}","{""caption"":Early_OHenry,""id"":959,""label"":Peach_variant,""properties"":{""name"":Early_OHenry}}","{""value"":{}}"
"{""caption"":Nunome_Wase,""id"":1198,""label"":Peach_variant,""properties"":{""name"":Nunome_Wase}}","{""caption"":Chiyomaru,""id"":918,""label"":Peach_variant,""properties"":{""name"":Chiyomaru}}","{""value"":{}}"
"{""caption"":Okitsu,""id"":1204,""label"":Peach_variant,""properties"":{""name"":Okitsu}}","{""caption"":Yan_Xia,""id"":1228,""label"":Peach_variant,""properties"":{""name"":Yan_Xia}}","{""value"":{}}"
"{""caption"":Okitsu,""id"":1204,""label"":Peach_variant,""properties"":{""name"":Okitsu}}","{""caption"":Jin_Xia,""id"":1191,""label"":Peach_variant,""properties"":{""name"":Jin_Xia}}","{""value"":{}}"
"{""caption"":Okitsu,""id"":1204,""label"":Peach_variant,""properties"":{""name"":Okitsu}}","{""caption"":Jing_Yu,""id"":987,""label"":Peach_variant,""properties"":{""name"":Jing_Yu}}","{""value"":{}}"
"{""caption"":Okubo,""id"":1205,""label"":Peach_variant,""properties"":{""name"":Okubo}}","{""caption"":Qiu_Xiang,""id"":1210,""label"":Peach_variant,""properties"":{""name"":Qiu_Xiang}}","{""value"":{}}"
"{""caption"":Qing_Feng,""id"":1208,""label"":Peach_variant,""properties"":{""name"":Qing_Feng}}","{""caption"":Madeleine_Blanche,""id"":1089,""label"":Peach_variant,""properties"":{""name"":Madeleine_Blanche}}","{""value"":{}}"
"{""caption"":Rui_Guang_3,""id"":1212,""label"":Peach_variant,""properties"":{""name"":Rui_Guang_3}}","{""caption"":Hu_You_002,""id"":1189,""label"":Peach_variant,""properties"":{""name"":Hu_You_002}}","{""value"":{}}"
"{""caption"":Shu_Guang,""id"":1214,""label"":Peach_variant,""properties"":{""name"":Shu_Guang}}","{""caption"":01_69_32,""id"":1164,""label"":Peach_variant,""properties"":{""name"":01_69_32}}","{""value"":{}}"
"{""caption"":Wu_Yue_Xian,""id"":1220,""label"":Peach_variant,""properties"":{""name"":Wu_Yue_Xian}}","{""caption"":Camden,""id"":971,""label"":Peach_variant,""properties"":{""name"":Camden}}","{""value"":{}}"
"{""caption"":Wu_Yue_Xian,""id"":1220,""label"":Peach_variant,""properties"":{""name"":Wu_Yue_Xian}}","{""caption"":Starcrest,""id"":1124,""label"":Peach_variant,""properties"":{""name"":Starcrest}}","{""value"":{}}"
"{""caption"":Xi_Nong_Zao_Mi,""id"":1221,""label"":Peach_variant,""properties"":{""name"":Xi_Nong_Zao_Mi}}","{""caption"":Zao_Xia_Lu,""id"":1242,""label"":Peach_variant,""properties"":{""name"":Zao_Xia_Lu}}","{""value"":{}}"
"{""caption"":Xi_Nong_Zao_Mi,""id"":1221,""label"":Peach_variant,""properties"":{""name"":Xi_Nong_Zao_Mi}}","{""caption"":Zao_Mei,""id"":1239,""label"":Peach_variant,""properties"":{""name"":Zao_Mei}}","{""value"":{}}"
"{""caption"":Xia_Cui,""id"":1223,""label"":Peach_variant,""properties"":{""name"":Xia_Cui}}","{""caption"":Bayue_Cui,""id"":909,""label"":Peach_variant,""properties"":{""name"":Bayue_Cui}}","{""value"":{}}"
"{""caption"":Xia_Cui,""id"":1223,""label"":Peach_variant,""properties"":{""name"":Xia_Cui}}","{""caption"":Jing_Mi,""id"":1194,""label"":Peach_variant,""properties"":{""name"":Jing_Mi}}","{""value"":{}}"
"{""caption"":Xia_Cui,""id"":1223,""label"":Peach_variant,""properties"":{""name"":Xia_Cui}}","{""caption"":89_4_32,""id"":1166,""label"":Peach_variant,""properties"":{""name"":89_4_32}}","{""value"":{}}"
"{""caption"":Yu_Hua_Lu,""id"":1232,""label"":Peach_variant,""properties"":{""name"":Yu_Hua_Lu}}","{""caption"":Zao_Hua_Lu,""id"":1237,""label"":Peach_variant,""properties"":{""name"":Zao_Hua_Lu}}","{""value"":{}}"
"{""caption"":Yu_Hua_Lu,""id"":1232,""label"":Peach_variant,""properties"":{""name"":Yu_Hua_Lu}}","{""caption"":Chun_Xia_Mi,""id"":1172,""label"":Peach_variant,""properties"":{""name"":Chun_Xia_Mi}}","{""value"":{}}"
"{""caption"":Yu_Hua_Lu,""id"":1232,""label"":Peach_variant,""properties"":{""name"":Yu_Hua_Lu}}","{""caption"":Zao_Xia_Lu,""id"":1242,""label"":Peach_variant,""properties"":{""name"":Zao_Xia_Lu}}","{""value"":{}}"
"{""caption"":Yuan_Chun_Bai,""id"":1233,""label"":Peach_variant,""properties"":{""name"":Yuan_Chun_Bai}}","{""caption"":Stoney_Hard,""id"":1158,""label"":Peach_variant,""properties"":{""name"":Stoney_Hard}}","{""value"":{}}"
"{""caption"":Yue_165,""id"":1234,""label"":Peach_variant,""properties"":{""name"":Yue_165}}","{""caption"":Qiu_Xiang,""id"":1210,""label"":Peach_variant,""properties"":{""name"":Qiu_Xiang}}","{""value"":{}}"
"{""caption"":Yue_165,""id"":1234,""label"":Peach_variant,""properties"":{""name"":Yue_165}}","{""caption"":Du_Hakuho,""id"":1178,""label"":Peach_variant,""properties"":{""name"":Du_Hakuho}}","{""value"":{}}"
"{""caption"":Zao_Hua_Lu,""id"":1237,""label"":Peach_variant,""properties"":{""name"":Zao_Hua_Lu}}","{""caption"":Huangshanearlydew,""id"":986,""label"":Peach_variant,""properties"":{""name"":Huangshanearlydew}}","{""value"":{}}"
"{""caption"":Zao_Kui,""id"":1238,""label"":Peach_variant,""properties"":{""name"":Zao_Kui}}","{""caption"":Yue_165,""id"":1234,""label"":Peach_variant,""properties"":{""name"":Yue_165}}","{""value"":{}}"
"{""caption"":Zao_Kui,""id"":1238,""label"":Peach_variant,""properties"":{""name"":Zao_Kui}}","{""caption"":Okubo,""id"":1205,""label"":Peach_variant,""properties"":{""name"":Okubo}}","{""value"":{}}"
"{""caption"":Zao_Kui,""id"":1238,""label"":Peach_variant,""properties"":{""name"":Zao_Kui}}","{""caption"":Okayama_3,""id"":1201,""label"":Peach_variant,""properties"":{""name"":Okayama_3}}","{""value"":{}}"
"{""caption"":Zao_Mei,""id"":1239,""label"":Peach_variant,""properties"":{""name"":Zao_Mei}}","{""caption"":Huangshanearlydew,""id"":986,""label"":Peach_variant,""properties"":{""name"":Huangshanearlydew}}","{""value"":{}}"
"{""caption"":Zao_Mei,""id"":1239,""label"":Peach_variant,""properties"":{""name"":Zao_Mei}}","{""caption"":Yu_Hua_Lu,""id"":1232,""label"":Peach_variant,""properties"":{""name"":Yu_Hua_Lu}}","{""value"":{}}"
"{""caption"":Zao_Shang_Hai_Shui_Mi,""id"":1241,""label"":Peach_variant,""properties"":{""name"":Zao_Shang_Hai_Shui_Mi}}","{""caption"":Okayama_Wase,""id"":1203,""label"":Peach_variant,""properties"":{""name"":Okayama_Wase}}","{""value"":{}}"
"{""caption"":Zao_Shang_Hai_Shui_Mi,""id"":1241,""label"":Peach_variant,""properties"":{""name"":Zao_Shang_Hai_Shui_Mi}}","{""caption"":Dongfeng_Fen_Tian_Tao_Early,""id"":1176,""label"":Peach_variant,""properties"":{""name"":Dongfeng_Fen_Tian_Tao_Early}}","{""value"":{}}"
"{""caption"":Zao_Shang_Hai_Shui_Mi,""id"":1241,""label"":Peach_variant,""properties"":{""name"":Zao_Shang_Hai_Shui_Mi}}","{""caption"":Xia_Hui_1,""id"":1224,""label"":Peach_variant,""properties"":{""name"":Xia_Hui_1}}","{""value"":{}}"
"{""caption"":Zao_Shang_Hai_Shui_Mi,""id"":1241,""label"":Peach_variant,""properties"":{""name"":Zao_Shang_Hai_Shui_Mi}}","{""caption"":Xia_Hui,""id"":1160,""label"":Peach_variant,""properties"":{""name"":Xia_Hui}}","{""value"":{}}"
"{""caption"":Zao_Shang_Hai_Shui_Mi,""id"":1241,""label"":Peach_variant,""properties"":{""name"":Zao_Shang_Hai_Shui_Mi}}","{""caption"":Zhao_Xia_(Un_17),""id"":955,""label"":Peach_variant,""properties"":{""name"":Zhao_Xia_(Un_17)}}","{""value"":{}}"
"{""caption"":Zao_Shang_Hai_Shui_Mi,""id"":1241,""label"":Peach_variant,""properties"":{""name"":Zao_Shang_Hai_Shui_Mi}}","{""caption"":Splendor,""id"":1156,""label"":Peach_variant,""properties"":{""name"":Splendor}}","{""value"":{}}"
"{""caption"":Zao_Xia_Lu,""id"":1242,""label"":Peach_variant,""properties"":{""name"":Zao_Xia_Lu}}","{""caption"":Zao_Pan_42,""id"":1240,""label"":Peach_variant,""properties"":{""name"":Zao_Pan_42}}","{""value"":{}}"
"{""caption"":Zao_Xia_Lu,""id"":1242,""label"":Peach_variant,""properties"":{""name"":Zao_Xia_Lu}}","{""caption"":Gan_Xuan_2,""id"":1182,""label"":Peach_variant,""properties"":{""name"":Gan_Xuan_2}}","{""value"":{}}"
"{""caption"":Zao_Xia_Lu,""id"":1242,""label"":Peach_variant,""properties"":{""name"":Zao_Xia_Lu}}","{""caption"":Chun_Yan,""id"":1173,""label"":Peach_variant,""properties"":{""name"":Chun_Yan}}","{""value"":{}}"
"{""caption"":Zao_Xia_Lu,""id"":1242,""label"":Peach_variant,""properties"":{""name"":Zao_Xia_Lu}}","{""caption"":Zaolu_Pan_Tao,""id"":1245,""label"":Peach_variant,""properties"":{""name"":Zaolu_Pan_Tao}}","{""value"":{}}"
"{""caption"":Zao_Xia_Lu,""id"":1242,""label"":Peach_variant,""properties"":{""name"":Zao_Xia_Lu}}","{""caption"":Jing_Chun,""id"":1193,""label"":Peach_variant,""properties"":{""name"":Jing_Chun}}","{""value"":{}}"
"{""caption"":Zao_Xia_Lu,""id"":1242,""label"":Peach_variant,""properties"":{""name"":Zao_Xia_Lu}}","{""caption"":E_Tao_1,""id"":1179,""label"":Peach_variant,""properties"":{""name"":E_Tao_1}}","{""value"":{}}"
"{""caption"":Zao_Xia_Lu,""id"":1242,""label"":Peach_variant,""properties"":{""name"":Zao_Xia_Lu}}","{""caption"":Okubo_(Fol_26),""id"":945,""label"":Peach_variant,""properties"":{""name"":Okubo_(Fol_26)}}","{""value"":{}}"
"{""caption"":Zao_Yan,""id"":1244,""label"":Peach_variant,""properties"":{""name"":Zao_Yan}}","{""caption"":Zao_Mei,""id"":1239,""label"":Peach_variant,""properties"":{""name"":Zao_Mei}}","{""value"":{}}"
"{""caption"":Zao_Yan,""id"":1244,""label"":Peach_variant,""properties"":{""name"":Zao_Yan}}","{""caption"":Carman,""id"":1095,""label"":Peach_variant,""properties"":{""name"":Carman}}","{""value"":{}}"
"{""caption"":Zaolu_Pan_Tao,""id"":1245,""label"":Peach_variant,""properties"":{""name"":Zaolu_Pan_Tao}}","{""caption"":Pan_Tao_Wang,""id"":1207,""label"":Peach_variant,""properties"":{""name"":Pan_Tao_Wang}}","{""value"":{}}"
"{""caption"":Zaolu_Pan_Tao,""id"":1245,""label"":Peach_variant,""properties"":{""name"":Zaolu_Pan_Tao}}","{""caption"":Pan_Tao_Huang_Hou,""id"":1206,""label"":Peach_variant,""properties"":{""name"":Pan_Tao_Huang_Hou}}","{""value"":{}}"
"{""caption"":Zhao_Hui,""id"":1246,""label"":Peach_variant,""properties"":{""name"":Zhao_Hui}}","{""caption"":Xia_Hui_6,""id"":1226,""label"":Peach_variant,""properties"":{""name"":Xia_Hui_6}}","{""value"":{}}"
"{""caption"":Zhao_Hui,""id"":1246,""label"":Peach_variant,""properties"":{""name"":Zhao_Hui}}","{""caption"":Xia_Hui_5,""id"":1225,""label"":Peach_variant,""properties"":{""name"":Xia_Hui_5}}","{""value"":{}}"